43 1395 1398 2509 7298 52 70 72 80 227 251 986 1405 1409 4495 5217 16164 163 377 475 777 962 1874 3196 88 1410 198 250 533 718 1824 2835 12013 13446 17286 64 65 167 203 517 535 604 703 757 1097 1106 1122 1222 1396 1497 1504 2030 2146 3026 3502 5064 5718 6621 6910 7686 9457 45 51 63 154 173 192 199 207 212 225 229 241 262 279 287 291 298 340 386 405 425 472 512 525 526 585 615 630 706 716 717 724 855 917 982 1007 1016 1021 1051 1090 1109 1116 1121 1123 1126 1130 1239 1376 1379 1408 1491 1787 1789 1873 1941 1963 1979 1990 2598 2638 2676 2783 3201 3259 3427 3460 3719 3795 4025 4027 4069 4177 4316 4728 4733 4880 5123 5549 6308 6429 6581 7140 7327 7456 7660 8111 8178 8586 12893 13009 17294 17296 59 86 159 170 172 176 184 187 202 276 316 333 344 348 378 419 420 428 431 440 446 447 454 476 487 490 499 504 511 530 537 541 554 592 612 616 618 619 622 629 680 690 726 744 747 756 772 778 789 790 823 841 854 863 868 901 936 963 964 966 993 1001 1019 1029 1048 1071 1075 1118 1160 1226 1241 1242 1275 1369 1390 1413 1414 1426 1444 1481 1505 1512 1521 1609 1633 1639 1656 1700 1709 1714 1731 1745 1766 1797 1858 1895 1943 1952 1954 1965 1969 1970 1986 2067 2083 2130 2136 2139 2154 2161 2346 2362 2380 2478 2523 2533 2578 2580 2582 2595 2619 2667 2668 2669 2670 2671 2672 2673 2677 2681 2688 2691 2698 2716 2821 2839 2969 3080 3132 3158 3164 3169 3200 3238 3258 3288 3293 3400 3411 3413 3441 3465 3470 3520 3551 3558 3616 3667 3691 3703 3707 3767 3833 3938 3948 4028 4051 4087 4118 4123 4124 4135 4155 4180 4199 4251 4308 4371 4389 4616 4732 4735 4865 4918 4923 5200 5257 5698 5799 6043 6048 6151 6189 6249 6252 6293 6296 6298 6374 6409 6463 6582 6618 6726 6743 6762 6823 6915 7056 7079 7156 7324 7331 7473 7481 7493 7643 7874 8141 8356 8678 8722 8758 8830 8853 9433 9498 9888 9974 9990 10524 10615 10616 10961 11023 11146 11638 11655 12733 13672 15171 15584 15880 16373 17730 18144 193 210 237 324 437 451 500 548 859 898 903 977 1026 1383 1464 1814 1976 2247 2408 2608 2810 3208 3272 3317 3421 3706 3902 4031 5035 5500 5925 6226 6417 6903 8054 8132 8790 9595 9862 10887 11128 11193 11650 12026 13339 15564 18040 18391 2831 4853 8919 10519 84 542 704 2498 4116 306 424 1104 3462
133 2984 89 295 298 299 301 306 333 5249 257 288 289 290 291 292 325 461 523 528 544 701 802 907 316 318 790 157 161 340 344 349 466 484 889 908 1041 300 326 1429 679 945 1042 1432 2462 329 797 67 327 972
1929 250 429 605 1527 3264 5027 5175 27 55 59 63 65 72 75 152 159 163 172 227 233 245 302 375 396 436 441 515 562 607 701 706 717 724 787 788 794 875 900 910 917 920 922 959 965 997 998 1014 1027 1071 1073 1110 1213 1230 1249 1343 1358 1369 1381 1412 1413 1425 1464 1468 1513 1534 1707 1804 1810 1892 2003 2013 2030 2031 2227 2236 2247 2251 2342 2347 2444 2463 2469 2477 2531 2569 2698 2792 3438 3451 3481 4124 4620 4784 4920 5254 6452 6776 7156 7347 7871 8042 9322 9598 9821 9919 12733 17331 151 3308 1 8 67 71 77 157 161 173 176 180 183 197 212 215 226 229 230 258 271 285 286 292 306 360 380 383 390 418 425 426 475 534 554 573 576 578 601 612 614 720 733 792 800 859 867 868 878 889 912 952 966 975 982 993 999 1002 1006 1019 1031 1052 1072 1076 1103 1109 1126 1154 1239 1247 1360 1411 1416 1426 1475 1504 1652 1700 1703 1709 1715 1795 1808 1826 1829 1833 1881 1888 1890 1899 1958 1992 2038 2067 2183 2265 2352 2440 2470 2481 2488 2522 2523 2558 2606 2609 2624 2629 2834 2853 2856 2861 2919 2922 2937 2938 3008 3011 3071 3097 3230 3279 3302 3303 3324 3354 3431 3440 3441 3443 3447 3470 3471 3476 3551 3670 3763 3768 3780 3791 3792 3876 3888 3893 3988 4069 4123 4125 4132 4363 4369 4384 4439 4460 4493 4598 4871 4883 4915 4917 4927 4928 4975 4978 4994 5048 5076 5157 5173 5255 5261 5264 5296 5299 5812 5841 5917 6073 6362 6460 6541 6544 6586 6777 6780 6781 6789 6959 7039 7054 7076 7152 7325 7331 7342 7407 7927 7934 8069 8178 8291 8311 8555 8668 8808 9013 9296 9338 9418 9423 9426 9543 9647 9829 9836 9858 9869 9926 9990 10526 10583 11042 11185 11602 12113 12288 12357 12668 12928 13406 13621 14324 15482 15989 17956 18297 374 3501 5658 9348 6760 26 61 192 199 376 379 397 407 433 707 728 730 734 863 874 1067 1632 1929 2404 2899 3193 3280 3613 4255 4286 4457 5082 5446 5911 6075 6363 6687 8122 8743 9470 10351 10394 10412 10715 10847 17713 10 30 32 41 62 190 204 206 234 253 419 500 511 527 680 858 923 1118 1150 1332 1336 1708 1781 1976 1977 2375 2788 2842 3213 3306 3744 4312 4710 5089 5549 5787 6390 7147 8340 8422 8594 10214 10620 10955 13087 2 7 45 166 170 195 198 209 214 225 249 267 310 329 377 378 386 424 431 434 510 512 533 608 617 618 630 632 683 697 751 861 903 972 977 991 994 1001 1091 1179 1206 1242 1297 1351 1375 1380 1384 1418 1519 1732 1739 1923 1949 1985 2094 2343 2405 2532 2544 2614 2632 2640 2935 3019 3104 3231 3266 3290 3444 3445 3466 3468 3558 3691 3693 3902 3921 3938 3987 4089 4129 4810 4922 4980 5079 5113 5123 5421 5423 5439 5553 5581 5790 5890 5926 5929 6048 6140 6165 6417 6633 6677 6678 6785 6824 6847 7274 7533 8283 8479 8592 8595 9332 10370 13010 13558 13624 15249 18 184 211 219 221 333 485 487 967 1097 1107 1167 1246 1296 1414 1510 1614 1620 1825 1857 1875 1947 2398 2407 2408 2422 2475 2616 2664 3258 3386 3621 3714 3774 3777 3878 3945 4742 4779 5000 5672 7148 7286 7404 7406 7644 7713 8121 8649 8716 8994 9457 9825 10026 10082 11927 15327 15751 17512 18008 196 210 222 450 549 624 716 969 1164 1243 1335 1714 1721 1836 1886 1900 1910 2102 2364 2441 2500 2952 3475 3488 3556 3612 3884 3890 4073 5188 5503 5653 5901 6391 6657 7343 7837 8140 8367 10756 11933 12071 12710 13126 13427 13539 18391 9 13 17 22 40 153 182 488 535 1004 1066 1256 1270 1300 1301 1520 1556 1639 1858 1885 1897 2486 3184 3186 4308 5440 6252 6585 7096 7157 8584 9144 9321 9324 9860 10610 10622 15532 17296 18363 4 359 440 1089 1106 1159 1314 1704 2039 2738 2823 2841 2944 3196 4874 4875 4876 4877 5217 5670 9242 11186 18647 178 349 354 490 808 1146 1378 2041 2893 3065 4291 4318 5806 6150 6182 6680 7126 7792 8369 296 432 463 516 631 888 956 981 1135 2362 3087 3277 3520 3663 3675 6698 11243 12077 14052 44 423 1409 2432 3191 4918 5149 5487 5918 6790 7081 8066 8995 9969 10753 12817 1396 2784 3705 4022 6065 8132 12220 1738 2176 4060 6295 12599 453 1292 2424 3292 3941 4027 4028 6764 10385 16373 68 208 311 430 1114 1320 1398 2101 2521 2786 3417 3432 4082 4494 5768 6957 8223 12515 17702 362 732 737 899 1463 1778 3067 6782 7887 19 43 49 91 107 342 537 964 1009 1075 1295 1400 1497 2288 2570 3564 4059 4317 5348 5586 6547 7512 9999 10969 34 461 1685 2471 3068 3508 4487 5914 6505 7074 7345 16 81 416 3287 3411 4618 9160 11898 16449 103 757 947 2582 3464 3686 11589 11739 12201 13397 84 546 980 995 2071 2339 3195 3259 3672 4058 6130 6915 7826 9484 13575 2829 4880 89 1094
224 19 32 51 58 59 61 62 67 68 72 75 81 82 83 85 91 95 96 98 99 100 153 159 172 187 192 193 227 233 238 429 441 554 594 599 612 627 715 735 852 857 859 863 867 868 871 874 875 877 878 985 993 994 995 996 997 998 999 1001 1003 1004 1005 1008 1013 1014 1015 1017 1019 1027 1079 1083 1098 1103 1122 1242 1303 1413 1427 1513 1534 1703 1709 1811 1814 1836 1844 1878 1879 1881 1883 1885 1886 1888 1889 1890 1893 1895 1899 1900 1957 2027 2029 2043 2128 2343 2444 2469 2488 2490 2531 2552 2554 2556 2559 2562 2567 2570 2571 2629 2633 2648 2792 2861 2893 2936 2937 2938 3011 3119 3201 3281 3298 3299 3302 3306 3430 3436 3768 3781 3784 3789 3920 3941 3988 4079 4129 4250 4493 4494 4495 4541 4735 4795 4807 5254 5550 5785 6064 6065 6070 6732 6742 6743 6784 6884 7069 7342 7343 7345 7346 7357 7934 8069 8367 8668 9253 9255 9296 9321 9338 9469 9825 9969 9980 9990 10620 10753 10847 11243 11913 11933 12220 12298 12817 13156 13168 13416 13900 15584 15586 15637 15771 17157 17166 6544 6776 10794 864 1000 1028 1203 1301 1707 2277 4109 4978 5917 5926 6698 9865 13427 2480 5918 8831 212 630 1372 1412 1414 1639 2853 7411 17702 862 905 1062 1213 1344 1516 1884 2037 2481 2542 2560 3230 3282 3613 4538 4622 5303 5603 5770 5790 6146 6782 6852 8111 8549 8672 9423 9823 9826 10756 12130 12710 12725 13558 15482 1799 6736 11602 3431 3280 3884 3890 5658 11898 11900 12002 1504 2708 3289 3442 5027 6374 6556 9032 11963 15641 17296 251 691 180 1850 1390 2783 5547 9419 11215 11244 898 14299 4074 4073 8584
430 51 59 98 99 193 285 441 511 599 735 874 905 1003 1006 1076 1090 1122 1795 1810 1832 1879 2556 2562 3675 3921 5833 6784 6785 6790 7076 8995 9255 14712 17166 72 6782 2346 2347 4493 9821 10142 67 89 167 291 994 1001 1014 1015 1027 1899 2523 2552 2559 3201 4978 6778 6789 562
595 188 518 707 917 918 922 924 928 930 936 937 942 944 954 957 1339 1342 1349 1350 1358 1374 1710 2009 3425 4326 4342 4680 506 854 1369 5165
734 198 220 230 412 453 504 707 724 830 1132 1181 1186 1470 1905 2834 4103 6298 6724 166 4230 2627 7260 2210
1149 59 67 72 77 159 172 225 227 428 429 441 533 599 601 734 868 875 961 1013 1083 1118 1119 1239 1464 1795 1844 1892 4126
1421 155 167 182 190 197 215 229 235 292 412 425 428 434 436 569 599 615 716 786 857 945 965 1090 1103 1231 1380 1383 1513 1520 1610 1814 1878 1883 1985 2176 2475 2614 2632 3440 3616 3878 4051 4064 4069 4260 4389 4435 5258 5423 5785 6226 6730 7274 7329 7530 7871 8830 9959 11185 11253 11933 13406 13575 14318 14459 4124 10955 154 192 212 233 266 431 622 720 1017 1150 1947 5260 200 236 427 618 630 899 1155 1375 1418 1636 2121 2424 2531 2823 2938 3250 3468 3475 4074 5412 5550 5553 6043 6293 6422 8479 13539 17953
1904 52 53 166 204 210 355 534 538 630 683 885 889 891 898 961 1220 1418 1534 1718 2013 2419 2625 2786 2855 3119 3460 3466 3482 3613 4043 4432 4447 4531 4545 5415 5421 5789 5901 6677 7286 7404 7533 8188 8594 9467 9470 10638 11974 13474 14052 15038 15527 16952 17490 1150 2265 46 609 715 1112 1117 1121 1123 1130 1139 1175 1491 1708 5982 7119 8066 8133 9271 13910 16333 17766 1944 3876 205 622
164 204 159 1643 215 1116 1875
627 924 957 2370 4681 4787 7713
1098 10 1295 4113 53 57 603 1098 1244 7352 7404 2277 5186 7821
1212 65 226 227 234 533 614 707 709 735 1116 1239 1249 1406 1639 2346 3464
1433 405 504 726 923 930 1339 1786 1914 1917 2018 2963 4985 8789 10433 64 4457 3046 6245 997 192 207 208 299 1098 2664 3070 3266 3466 4999 6459 14529 56 65 426 530 2544 3427 8656 99 787 792 962 975 985 2391 3482 3980 4260 5428 6722 11230 203 620 1089 2054 13558 154 4371 7058 265 436 996 2522 4991 6564 51 91 100 155 157 172 183 220 262 359 366 472 545 601 728 851 855 889 961 972 1001 1003 1156 1406 1460 1479 1643 2183 2500 2506 2552 2571 2937 3097 3119 3273 3282 3469 3500 4493 5215 5550 6065 6714 7197 7533 7625 8743 8844 9255 9521 9632 9823 9858 9882 9888 10961 12357 14534 15532 16952 17490 18606 52 159 173 235 279 540 599 697 716 798 1516 1519 1652 1971 2022 2521 2637 2783 2938 3200 3460 3464 3614 3749 5474 6177 7286 7525 7530 7663 8140 10074 10526 12352 15690 546 4706 5780 58 4802 6708
1585 157 192 227 241 257 717 913 959 1427 1464 1622 1820 1846 1860 2179 2226 2893 3357 3481 4598 4883 5789 8546 8991 8992 10608 11062 12893 17515 51 64 67 69 180 230 253 285 291 295 301 333 434 511 534 562 706 857 885 987 993 999 1015 1017 1475 1795 1883 2469 2899 3104 3230 3302 3489 3992 4130 4180 4432 4620 5072 5550 6308 8178 13126 13900 17490 56 59 72 77 234 265 292 316 389 459 465 488 599 701 715 730 733 951 986 996 1014 1090 1099 1116 1225 1244 1513 2050 2183 2554 2558 2565 2625 2742 3427 3466 3482 3675 3889 3982 4037 4363 4785 5045 6069 6130 6504 6698 9366 9467 11063 11070 11395 13372 53 54 65 161 722 1001 1076 2535 4118 1000 1016 2500 2934 9255 3921 171 182 7075 7533 8042 55 68 159 166 167 175 203 220 306 377 386 429 468 489 517 525 603 966 975 1003 1009 1122 1378 1399 1406 1468 1470 1595 1641 1881 2247 2265 2745 2834 3308 3316 3464 3754 3758 3777 3863 3876 4179 4369 4880 5217 5432 5988 6249 7054 7193 8111 8594 8789 9193 9417 12681 15481 16735 18606 58 61 66 76 80 183 262 279 296 329 475 485 510 716 724 734 748 786 877 969 982 1013 1175 1249 1388 1410 1660 1810 1813 1885 1988 2013 2347 2509 3749 3978 3988 4036 4165 5123 6177 6384 6626 6732 7880 9347 9969 11065 17331 95 905 3105 6714 9861 89 311 355 2343 2350
1621 29 31 1066 1255 5581 10 13 19 1256 1270 4871
1883 3298 170 203 316 418 441 857 858 859 861 879 1085 1098 1119 1159 1360 1424 1510 1513 1639 1817 1881 1957 2424 2531 2606 3053 3281 3287 3520 3744 3890 3901 4049 5027 5913 7325 8584 9332 9467 9858 11602 12130 12165 159 162 301 333 425 433 604 627 632 748 751 755 962 985 1004 1099 1156 1213 1464 1504 1505 1707 1731 2289 2669 2681 3279 3282 3290 3411 3460 3501 3674 3884 4060 4064 4082 4090 4092 4880 5296 5302 5414 5503 5549 5911 6150 6155 6414 6582 7533 8291 8369 8672 8680 8802 9032 9242 9468 10110 10214 11898 11905 12002 12720 13575 13672 13888 16340 10977 6410 6780 1728 757 743 4308 9498 1127 6544 10720
1623 820 944 1113 1134 1214 1998 3788 4610 4613 4670 4681 4787 8333 710 2460 4285 152 633 707 733 809 821 947 1110 1216 1249 2405 2716 3313 3663 4796 7713 10610 13395 15 188 197 204 417 506 511 580 815 846 918 920 922 923 943 949 953 964 1122 1131 1708 1795 1889 2003 2006 2151 2172 2370 2375 2579 2778 2787 2864 3549 3901 5169 5673 6264 7902 10309 17075 190 220 578 711 724 975 983 1116 1118 1369 1535 1700 1710 1764 1803 2346 2574 2771 3110 3391 4316 4379 5441 6678 7060 8042 9716 10394 11484 11764 202 215 616 622 843 856 951 954 1281 1522 1672 1884 1974 2797 3240 3420 6506 8259 8262 14878 14880 16745 47 237 1009 1561 2343 7644 9713 183 438 610 812 963 1352 1388 1639 1779 1873 2265 2369 2744 3246 3416 4487 6289 7699 54 270 359 370 755 868 1264 2469 3084 4179 5447 7352 10095 11477 181 503 844 1243 1254 1259 1275 1835 1994 2001 2638 2654 5100 5452 6137 7140 8229 13846 14061 606 761 1098 1143 1555 1985 2292 2535 3620 3778 4021 4272 4680 1824 4716 329 444 517 592 609 1394 1468 1568 2473 4081 4275 4940 5799 6014 11272 226 440 486 770 813 830 864 1099 1260 1261 1263 2381 3264 4341 4970 5416 5688 7419 10310 10675 11763 12548 56 162 231 785 806 826 917 919 1119 1196 1527 1763 2277 2387 2594 3057 4123 4691 5108 5667 7423 10676 28 196 769 1276 1364 3799 5301 5972 6830 8594 9458 10918 186 203 206 227 489 625 845 1372 1701 1947 2458 2765 2835 3015 3019 3405 4734 6570 7224 8837 154 377 380 433 607 715 751 937 1221 1274 1306 1344 1412 1423 1755 1861 1941 1983 2146 2629 3810 7117 10585 11765 13847 491 814 2174 2580 2944 3386 6046 6724 9666 4265 4332 3798 189 2624 16860 1222 2478 613 1415 1422 1426 1469 2419 2459 2531 2834 2855 3003 3012 3719 7056 8111 8696 9435 9699 15688 930 957 1073 1358 1643 5446 5787 1410 855 3382 942 2970 238 5182
1981 65 154 182 190 221 235 268 463 697 909 1106 1377 1385 1424 1556 2614 6852 7274 8592 9959 10961 14184 2544 3104 3753 7187 12303 1151 2051 2404 2572 511 3866 7725 11253 184 193 296 472 2047 7406 11725 13688 16952 156 966 1378 5048 5911 11917 152 1105 173 1375 3171 3466 6217 195 223 1515 1941 3117 3427 3612 3756 3945 4177 4371 6231 14359 1381 5030 6228 467 6581 9485 6726 71 7194 4073 95 535 1399 2018 8210 1023 5188 11139 18008 159 10327 6785 9977 2521 2554 3273 11049 72 9892 15236
1032 227 562 565 569 572 576 580 581 583 584 585 599 630 728 730 735 750 863 868 1412 1427 1639 2842 3620 3776 3778 4541 5660 7056 8108 8111 8122 11917 15301 567 2901 13269 2864 2894 6165 8120 9521 10394 582 6541 7239 8114 2861
1708 51 59 70 155 172 217 225 227 235 355 426 429 511 534 683 709 718 858 1202 1510 1824 2346 4153 4435 5553 6789 7076 7194 15771 16340 18655 1146 7126 3299
359 2856 4180 8743 51 877 998 1015 1882 1883 1886 6064 187 985 1013 1814 2938 429
418 229 374 984 1105 1947 2632 3057 3258 3341 3748 6680 6678 89
935 2 19 1277 38 43 49 880 1265 1270 1296 1299 3551 4876 9999 11186 1328 32 174 1293 1294 1332 3191 4308 4312 4873 4875 6237 11193 14680 18 30 31 37 41 44 72 75 153 515 516 807 878 1256 1292 1297 1298 1300 1303 1314 1336 1707 1714 2166 2935 3087 3188 3431 3988 4317 4318 4872 4874 4877 5586 5709 5718 7344 10082 9 1295 15793 11 13 29 36 5581 5658 5670 6256 7512 7514 9141 9146 14286 744 4871 6542 2671 7493 11520 39 193 2041 6873 7414 487 26 5698 3411
978 152 188 751 920 924 928 930 936 937 942 944 1113 1132 1263 1338 1339 1342 1349 1374 1994 1998 2006 2009 3417 3779 4285 4610 4613 4670 4681 4691 4949 7713 10585 10675 955 1710 2746 5718 1418 6761 1709
1016 6687 223 231 622 1043 1424 1737 2281 2419 2616 4821 5414 6048 6615 14846 14930 1632 7274 10610
1195 236 199 211 1944 1947 2279 2405 3250 10142 2906 154 8705 6410
1280 8656 1089 40 167 173 190 961 154 222 1075 689 716
1431 794 2044 261 2051 714
1579 159 199 211 217 225 226 403 433 434 618 1103 1888 1957 2440 3258 3744 5027 5249 5549 417 422 424 486 533 1116 1381 1394 1520 1779 4742 5416 8707 8710 8713 9230 14846 207 5417 210 291 431 857 1159 2271 2416 2535 2708 3892 4260 4793 4817 5412 7076 7077 11812 3208 2675 5414 11421 1246 1814 2614 3200 3386 3670 4807 6453 8066 11181 439 450 1048 2600 6222 7530 448 1090 2601 56 173 1151 1155 1977 2133 5925 2632 3057 5429 14299 8215 421 903 8229 5440 7186 567 1976 1424 1813 3705 10535 3203 90 886 4316 932 1766 3745 3747 6853 10026 11510 154 157 227 229 716 1073 1098 1231 1406 1481 1632 1768 3186 3205 3279 6539 7211 7375 11763 67 233 578 601 1663 1875 4796 5790 1390 13273
694 5260 9858 51 59 61 72 76 82 98 99 159 172 225 428 429 441 709 857 859 874 1000 1014 1027 1073 1083 1090 1534 1703 1794 1878 1885 1886 2027 2029 2043 2531 2937 2938 3279 3281 3436 3441 3768 3781 5258 6073 6776 7325 7347 7880 9324 9332
1086 51 53 67 82 96 154 182 187 193 204 215 227 229 257 265 289 292 306 310 316 349 355 356 366 429 465 525 562 569 602 615 618 683 730 733 735 786 868 889 891 909 945 959 961 985 986 991 993 1001 1076 1098 1122 1242 1244 1412 1415 1505 1519 1639 1687 1824 1892 2027 2183 2436 2437 2442 2454 2463 2467 2546 2571 2627 2834 2840 2893 3110 3458 3466 3482 3489 3585 3589 3603 3605 3749 4114 4130 4369 4616 5255 5264 5452 5767 6602 6714 7274 7318 7321 7533 8311 8314 8555 8743 9084 9470 10677 15391 15481 16952 251 253 291 340 403 455 540 709 892 913 1015 1383 1444 1459 1469 1489 1590 2019 2439 2523 2792 3067 3375 3460 3856 4103 4201 4223 4837 5770 6777 7140 7286 11725 15038 17490 333 965 1249 1384 2637 5480 6452 14318 72 99 159 192 197 212 268 424 453 462 463 472 499 533 538 554 575 599 609 612 706 715 717 728 857 874 900 982 998 1017 1083 1105 1160 1369 1377 1416 1427 1470 1643 1709 1718 1772 1804 1833 1878 1881 1883 1888 1889 2013 2031 2127 2265 2444 2469 2490 2629 2630 2632 2633 2639 2786 2842 2855 2902 2938 3019 3065 3070 3071 3097 3117 3281 3302 3427 3459 3464 3602 3748 3754 3768 3938 4129 4494 4541 4620 5124 5375 5432 5436 5550 5790 6140 6298 6600 6722 6743 6784 6836 7056 7800 7935 8122 8309 8422 8564 8808 9287 9348 9427 9433 9437 10041 10848 11285 11913 12129 12752 13416 13621 14480 15361 15641 17157 97 203 294 296 298 311 359 362 423 430 563 567 570 576 585 594 597 680 697 718 734 863 888 906 1048 1227 1247 1414 1463 1468 1511 1767 1802 1934 1971 2277 2544 2899 3081 3171 3273 3488 3677 4251 4618 4707 5001 5768 5844 7137 7239 7323 7411 7525 7777 8067 8545 8549 8558 8592 8807 8812 8830 9478 9647 9882 9976 10327 10847 12726 13000 13171 13446 13450 13599 14378 15301 15771 17211 1694
1108 6190 1965 198 6127 7375 1893 2716 608 1109 1824 2681 2691 4852 10516 11101 12359 453 744 3504 3995 6763 6910 15688 617 748 1146 1154 1969 3169 3534 3686 3861 5191 5415 6585 11477 1707 1732 2475 3536 5348 5434 7060 10524 11464 440 2289 3502 17981 2677 1801 9783 52 1983 15037 2811 59 206 286 717 750 1098 1745 3617 3896 4062 4457 4790 5891 12723 619 1746 103 1117 7259 238 966 4149 2273 2593 8232 1717 2488 11146 442 159 40 141 4728 9458 10394 6581 2671 11200 1943 3355
297 81 199 206 222 225 226 234 425 439 709 858 1090 1098 1109 1424 1768 1814 3129 3200 3469 3739 4793 5027 8830 173 436 618 3186 5417 10026 444 1159 3333 5153 13939 214 227 629 1504 4384 6680 8676 13406 231 1669 5421 15994 5412 5414 5418 622 3902 2281 5420 615 3057 4980 6785 898 17306 1732 1469 887 3259 430 903 2531 1048 1231 1390 2532 2623 3281 3677 7935 2855 3205 7260 8054 9487 11899 1512 204 212 733 959 7126 438 539 2083 1764 196 211 689 962 1833 159 7642 434 13372 298 3300 421 3797 1167 901 429 1073 1083 2902 3201 7904 10180 562 1243 10604 548 554 605 703 718 896 1127 1510 2121 2137 3003 3475 3747 5440 5547 5925 6417 9032 1807 1976 4796 1191 2136 2402 4073 8649 9543 56 442 1150 12918 2871 216 416 3068 3030 1121 6296 1518 1971 5149 5150 8549 1663 1934 1097
320 18 19 24 44 45 52 53 54 58 81 154 159 184 197 206 209 211 238 311 331 407 424 515 538 580 602 610 613 625 697 718 724 728 730 737 864 878 972 986 991 1079 1203 1231 1249 1253 1295 1415 1459 1489 1519 1632 1639 1694 1746 2039 2419 2436 2439 2442 2443 2449 2453 2457 2458 2468 2544 2570 2638 2834 2842 2901 2938 3003 3019 3109 3132 3285 3417 3558 3748 3902 3992 4113 4316 4520 4543 4545 4691 4732 4875 5186 5197 5267 5421 6004 6257 7318 8215 8309 8649 9144 9498 9598 11253 11917 13754 14286 14509 15034 86 1117 1328 1643 1645 1652 2006 2786 3614 3620 3890 4285 5027 5306 6417 6454 7260 8582 8592 9521 11602 8 27 32 34 390 396 522 537 1146 1256 1277 1303 2043 2477 2542 3432 6256 7126 11416 11898 172 1081 1382 3244 3769 10622 57 2407 6295 64 5659 1126 7211 8054 8223 3197 191 5181 6585 1833
380 1025 289 67 296 310 318 320 326 523 1052 525 913 349 291 299 6086 6308 803 951 285 288 292 295 332 465 4883 89 325 456 1601 2094 6376 352 541 915
529 1110 1468 3481 4784 7791 176 917 1369 1413 5301 7057 7792 1073 1372 2463 3774 5297 1527 198 6959 707 920 1106 1358 1883 2569 3264 5416 9919 562 585 928 957 959 1353 1360 2838 13123 187 732 877 982 998 4126 14880 154 203 225 441 841 857 949 954 1513 1522 3470 4124 4787 5172 227 612 2018 2375 2473 2796 4180 632 712 6264 7047 16949
1051 198 920 5630 854 209 1131 4828 5966
1091 378 2014 1090 292 291 510 903 2661 171 1470 498 6006 7404 9187 14184
1666 293 306 349 403 3320 291 296 318 333 462 523 525 540 701 972 1684 1246 289
234 330 605 1636 267 80 271 331 617 1394 1396 1398 1640 1952 2083 2716 2921 3227 2931
1012 30 88 229 230 233 3300 8584 10685 4725
1079 377 517 537 614 898 1672 4058 4069 1231 1249 5929 1109 9242 536 12079 329 333 507 4262 12165 16449 786 3769 497 1044 803 498 504 1718 6298 724 6257 412 1046 4434 6196 6247 510 1246 1389 45 4179 500 1540 1645 4211 311 3576 808 3328 693 1198 6453 7183 5100 1863 3735 12918 450 4255 5926 851 3443 4059 4384 1091 1180 3455 7117 5153 10385 16055 3124 697 11581
1470 246 261 439 1241 1755 1764 1768 1775 3386 5226 5416 6472 70 206 534 599 709 1239 1976 2632 3469 4742 5027 6756 8210 11215 249 440 1389 1777 2281 2919 2921 3693 4073 5914 7260 8592 13372 14096 1732 1351 205 6417 11234 1098 199 10110 1954 232 2139 3686 8026 629 1155 3293 196 420 2422 12821 1977 2083 6032 433 3694 11589 9713 11763
1637 424 1048 622 154 190 965 1375 18008 70 216 217 228 238 511 533 614 709 777 858 862 985 1090 1106 1412 2531 4732 53 65 425 618 962 1811 59 4311 4435 209 1109 2405 3057 606 199 203 211 221 222 225 229 512 707 851 1094 1381 1394 1510 1515 1721 1947 1983 2524 2544 2641 2815 3258 4079 5926 52 206 964 1122 2487 3892 4069 5175 5237 10524 212 11234 195 546 1400 6409 2277 433 440 1633 9823 434 2582 3279 10618 14846 8592 1073 316 1163 9332 1424 416 437 430 3681 1155 1772 3488 3673 5547 3252 231 12753
1900 227 441 851 993 2562 3280 5785 7068 7325 8656 8995 13575 72 203 717 857 1013 2556 3413 6070 6743 10847 11285 11933 11963 12077 207 1015 51 450 620 858 861 985 998 1017 1804 1811 2490 2531 2559 2567 3011 3279 3281 3784 4435 5550 5833 6064 6785 9348 9469 17648 2571 1464 10794 563 1890 3941 6780 8559 9253 9424 15637 5918 58 4129 9338 85 100 1085 1089 1213 1814 2899 4493 13151 99 3287 5260 6714 8555 3071 6742 859 1083 3469 9332 15584 97 576 1006 1703 1820 1832 1834 1896 7345 8672 10041 10130 12752 159 1073 3442 6776 599 735 874 2786 986 2638 10129 59 1103 1513 2938 17887 1895 2629 4495 10753 2347 5261 8945 17166 610 1848 2419 7123 8837 11652 14147 2136 5913 3893 852 15361
2014 59 61 72 83 91 100 159 173 429 441 511 599 875 877 878 993 998 1000 1001 1013 1703 1844 1881 1895 2029 2265 2531 2936 3201 3464 3482 5929 7054 9322 7 715 40 51 82 181 396 472 518 618 712 728 730 732 735 737 863 962 966 985 1083 1151 1412 1469 1470 1795 1820 1821 1832 1834 2031 2352 2562 2648 2789 3264 3279 3292 3302 3777 3901 3993 5124 5768 6777 7404 7929 8668 8998 9869 11179 12137 436 592 862 867 1004 1464 1728 2559 2853 4079 4732 6959 12724 84 95 601 860 1094 1110 1534 1836 1878 3481 905 999 1062 1075 1504 2614 4351 9969 1014 4129 2938 65 253 959 1076 1414 2027 5550 6362 6708 7138 9302 10627 11602 193 1885 3280 3458 17887 2490 2567 3888 9253 874
282 163 176 220 227 234 436 614 630 707 717 733 868 959 975 982 1110 1122 1132 1372 1412 1413 1414 1415 1416 1778 2341 2342 2343 2346 2469 2786 2787 2901 3065 3071 3471 3774 4180 4784 5301 5452 6362 9543 99 511 533 562 706 715 728 730 735 856 917 922 952 990 1079 1244 1248 1358 1360 1468 1469 1660 1795 1803 1813 2624 2742 2834 2853 2855 2899 2973 3470 4031 4125 4782 6165 6959 7056 7248 7800 8743 8808 9647 15527 854 860 1119 5175 732 380 2842 2864 9818 212 607 724 1249 1369 1411 3481 3921 5297 7802 1513 5901 2183 9346 5432 2351 2780 2782 2788 5157 5173 3264
431 951 952 2347 2361 2565 2787 2797 2859 2973 4180 9822 65 171 229 424 428 439 453 498 533 540 1246 4115 4444 5439 6772 8707 713 1249 5165 288 841 843 918 947 954 1257 1261 1274 1337 1364 1522 1527 1531 5105 5157 10672
1235 18 51 233 603 1707 2060 4126 4928 7260 72 701 857 3285 5421 298 377 540 9271 16323
1236 1873 614 854 966 1131 4365
1360 444 748 778 1418 3411 3707 4732 621
1683 204 217 316 418 439 701 3110 1669 1866 494 518 714 945 1045 1244 3200 4828 13939 261 932 65
1861 3694 11604 603 874 875 18391 197 199 200 207 418 440 726 763 769 841 851 861 1239 1254 1398 1418 1837 1888 2026 2132 2470 2471 2477 2531 2640 3129 3201 3216 3299 3364 3442 3469 3508 4083 4520 4817 6048 6222 6824 7076 8945 9032 9418 10961 631 2486 3531 27 3043 4457 6228 7206 512 855 918 1119 1528 1974 2828 3780 3792 5603 18137 141 212 235 383 580 581 582 599 608 609 630 718 748 857 863 866 867 870 882 977 1117 1120 1134 1139 1150 1171 1229 1231 1415 1527 1533 1715 1770 1878 2030 2043 2281 2475 2624 2629 2630 2643 2817 2893 3028 3032 3280 3354 3417 3431 3432 3436 3443 3444 3447 3450 3458 3520 3714 3718 3778 3781 3784 3805 4062 4081 4092 4191 4194 4270 4271 4541 4805 4970 5299 5346 5360 5420 5421 5423 5503 5658 5659 5660 5665 5876 6161 6576 7259 7375 7407 7938 8120 8223 8291 8369 8705 9452 9457 9458 10164 10676 10847 10848 11042 11128 11285 11480 11602 11625 11784 12359 12668 13269 13317 13664 13879 14005 14669 14672 15641 15688 15749 16634 17340 85 193 203 511 871 993 2183 3440 4021 4188 5785 6014 14840 15055 17953 64 162 233 444 621 632 747 1083 1423 1958 3536 6151 6169 6582 6756 8930 9336 1950 9997 17296 1202 436 721 15639 562 1264 4129 4272 6657 7525 8122 9647 16949
312 2094 2523 2801 646 16164 376 3324
624 390 534 608 72 192 233 961 1534 9969 3462 9332 11849 8069 5074 584 1001 163 6504 1378 5256 8422 418 2469 15457
643 46 51 72 98 173 225 429 1090 1242 2562 4384 5833 5839 152 190 1097 1375 6458 6847 2938 8314 9632 10515 53 206 1098 2531 4810 14712 8546 3279 5412 9253 3676 971
1284 744 1222 2669 4865 444 93 2667 8232
1337 3200 4818 8710 1024 3057 3744 8713 10522 15880 3747 167 207 225 289 318 523 1062 1504 1505 1580 2531 3186 3258 3902 4810 5027 6544 217 5480 9234 184 65 432 298 421 422 2983 1703 1602 7071 328 11139 4709 70 417 1768 3205 3386 989 316 526 5934 851
66 994 998 1006 1019 2562 1836 1895 51 72 85 100 187 993 1001 1008 1013 1014 1073 1799 1878 1884 1890 1891 1896 1900 1901 6742 9255 99 1079 1897 2554 40 59 61 79 93 98 157 229 612 874 877 997 1027 1122 1230 1879 1881 1886 1888 1889 2535 3289 7343 7347 9321 12817 14846 68 999 1883 1892 3941 1899 62 601 880 1000 1015 1017 1885 2936 3281 7076 7342 1882 2559 91 1893 2043 3768 9253 5260 7344 13168 9322 1028 3436 13126 6884
423 51 72 80 167 187 306 538 711 717 1090 1249 1713 3308 6714 6732 6743 6777 193 1079 2936 8555 1013 2554 5894 68 85 98 100 192 221 576 578 599 735 748 852 862 874 985 993 995 997 1004 1018 1019 1076 1122 1418 1427 1479 1511 1515 1694 1879 1881 1891 1895 2029 2444 2490 2544 2552 2559 2571 2629 2861 2938 3279 3768 4126 4129 5123 5255 5260 5264 5414 5452 6460 6698 7075 7190 7927 8069 9423 9629 9823 9826 9990 12129 12298 12724 13151 13427 15249 18439 1150
606 614 859 882 3443 4444 237 1090 72 3475 5672 1992 8438 52 88 238 1824 418 964 2594 2654 107 7079 4790
997 898 1159 1946 5027 53 88 211 226 237 330 436 440 605 618 1118 1614 1950 1963 3732 4779 11416 12535 17953 190 271 2132 4255 433 1580 2405 6389 6687 1100 629 3673 6191 2632 2850 10610 1974 2617 2847
1395 154 211 440 1957 12220 2921 1099
1615 209 227 730 959 1244 1415 2834 4189
2043 2578 507 770 779 1100 1171 1176 1180 1246 2430 2574 2643 2850 3033 3398 3616 3705 3721 5966 6191 6453 6769 15055 17953 4936 6773
117 77 99 173 176 192 230 241 251 253 258 285 360 378 405 463 511 529 905 951 959 966 1009 1016 1249 2792 3470 3863 4125 4351 4493 5550 6086 6177 6736 6959 8994 9417 18288 333 3070 3947 3978 4043 7075 8789 9892 292 2347 5045 717 1025 1306 1395 3980 9861 12352 18391 18606 55 67 180 203 620 722 730 1795 1883 1892 2031 2487 2554 2606 3104 3302 3876 5452 6504 8820 8998 10041 10142 11336 17008 599 715 1079 268 2343 13151 4031 7193 221 6708 377 484 12752 68 72 91 167 193 612 1001 1006 1008 1464 1602 2027 2183 2571 3281 3313 3426 3948 5188 6737 6884 30 51 59 75 187 294 627 993 994 998 1004 1014 1072 2552 3264 7069 8806 10625 18647 153 157 182 257 525 1000 1160 1886 2936 3067 3476 3988 4880 5000 6714 6728 7068 7934 8069 8140 8555 96 467 878 1242 1297 1298 1820 1825 1828 1832 1834 2558 2937 3230 3768 4130 4180 7344 7929 8546 17512 17528 1320 1802 2127 3458 8559 9647 17648 175 386 874 900 997 999 1021 1023 1024 1026 1469 1821 2787 2899 2934 2935 3987 5436 6429 6458 6784 8314 8497 9234 9255 9348 11956 12351 12681 76 95 328 906 971 1002 1067 1081 2567 2938 2939 3289 9296 100 1850 2463 6070 7347 79 429 995 1076 2023 5123 6069 83 227 535 789 1413 1810 1889 3201 9826 1062 8573 14534 5261 89 992 1414 7138 10626 11602 601 1696 2523 8367 13879 961 1794 2444 2457 3576 6852 8991 9907 17515 62 1427 4993 5124 9969
147 289 291 305 333 1052 67 155 209 220 230 257 288 292 293 295 299 306 310 318 320 329 349 377 378 412 491 498 523 525 537 542 701 714 790 798 906 972 1246 1580 2427 2523 3173 3328 3333 3455 1604
155 599 718 732 875 3431 6256 1878 3438 5672 72 866 874 1206 3201 5113 1242 8567 7 206 1227 1360 3440 6065 14124 7357
177 812 936 1264 1358 8259 1249 2009 176 220 599 843 917 957 1350 1411 3776 3792 3901 9423 234 614 937 1134 2343 3416 511 918 923 930 978 1113 1339 1374 1412 1639 2347 2789 7331 13087 188 730 806 919 924 944 1527 2975 3227 3476 4326 1810 429 821 841 920 928 942 947 1353 1620 3660 8386 8993 10394 15989 707 1230 3470 23 584 710 724 824 982 1883 2029 2746 3778 1342 1369 607 717 2369 2490 2569 2624 2783 11477 1710 250 2855 227 206 943 2381 3789 152 163 436 959 1426 1941
369 199 210 225 426 1246 4118
427 3616 1116 1874 1941 4262 5216
662 1378 2840 3749 3753 65 171 173 191 291 307 342 362 501 683 899 1091 1198 1375 1377 1470 1866 1934 2546 3255 3756 4435 6454 7194 9084 12726 13709 18555 1383 6231 156 210 221 289 1186 4177 7274 606 2923 425 445 3769 3117 238
823 366 540 1181 3455 5672 6257 209 403 1091 1206 1375 1645 1914 2490 2967 3242 4184 4191 4821 5065 6391 9960 1650 2661 3328 429 493 497 814 923 1044 1046 1116 1145 1180 1866 2843 3333 4826 6461 7323 1231 8567 5260 10402 214 1184 5428
1026 12 47 519 707 785 820 978 1118 1131 1145 1204 1214 1249 1254 1260 1276 1281 1521 1522 1533 2151 2370 2654 2765 2778 2956 2961 3563 4271 4272 6576 8347 11517 378 813 841 947 949 1259 1261 1364 1803 3195 3719 821 2970 1264 7639 11865 2379 25 503 843 918 953 15 954 181 1534 1547 3050 5600 8251 3239 3729 4346 811 1531 2744 10127 2478 2075 1203 5079 3244 1206 1275 1914 2967 3717 5586 6997 955 1274 972 23 32 447 517 1104 2033 9 188 229 809 3087 6708 172 220 472 512 2738 10026 198 416 866 4871 1941 300 1772 1797 1974 3444 4805 857 89 959 1513 3927 1463 518 554 2179
1210 51 59 61 67 72 77 85 96 99 100 155 159 163 170 172 173 176 180 187 193 203 220 227 234 253 265 285 429 463 511 533 599 707 732 851 874 917 951 959 962 985 987 993 994 997 998 999 1001 1004 1008 1013 1014 1019 1027 1076 1089 1094 1104 1249 1413 1415 1810 1892 1958 2027 2031 2343 2346 2361 2531 2559 2562 2783 3109 3473 3768 3920 3987 4130 4180 4313 4384 5260 6714 6913 7068 8069 10080 10625 13575 86 1083 1090 2556 3302 8988 15100 1079 157 233 1005 1895 6539 98 190 5000 12599 1803 1122 709 920 6777 1534 192 436 903 918 1072 1713 2938 4119 8995 17281 620 1358 1372 6778 7880 1107 10626 14712 188 1131 2006 316
1682 378 3200 498 3205 190 898 450 546 1389 2839 3563
1874 5191 578 619 748 753 1631 3169 4225 11200 3132 2480 3413 6151 8929 1963 6763 4865 9997 17294 2673 3995 3703 744 1950 6762 1801 2668 4852 1073 1731 2716 238 7382 772 780 756 276 1943 17189 4029 778 2677 2695 9146 2174 2921 6759 11826 4090 5522
1957 366 1378 2840 11244 88 173 206 225 230 233 267 540 683 1105 1181 1375 1502 1645 2425 2427 2535 2584 2632 2643 2850 3033 3164 3621 4262 4435 4837 6294 6295 13688 17490 327 1596 6769 289 1450
2031 55 289 318 386 456 523 1021 1024 1047 1052 1197 1201 3087 3288 3375 3982 7078 9084 9234 292 911 340 3397
455 9 54 165 190 238 418 512 1118 1119 2168 2473 2964 4316 7 13 19 34 36 45 59 64 81 88 188 198 206 233 487 503 510 515 516 517 519 603 724 777 815 841 843 846 864 876 978 1009 1098 1104 1131 1203 1206 1253 1277 1295 1645 1703 1787 1789 2369 2484 2681 2716 2738 2747 2831 2851 3109 3188 3191 3285 3289 3445 3562 3719 4113 4318 4871 4875 5200 5653 6257 6819 7078 7331 7473 7639 8722 8790 9242 9761 9862 9999 10082 10310 10525 10977 11087 11186 11517 11518 12515 14529 14840 861 2043 2375 2493 13754 18 27 32 857 997 1270 1298 1983 4876 39 599 1062 1256 1886 4317
546 954 1710 4271 1714 519 4681 824 917 2746 28 2970 959 14950 1369 4669 1261 1522 1523 5366 188 503 952 1131 1526 2006 4675 12 15 23 47 56 152 155 163 176 190 196 198 210 220 418 424 428 436 506 518 522 562 706 724 812 821 841 843 860 868 918 923 930 937 942 943 949 953 957 962 1090 1104 1110 1113 1118 1119 1121 1130 1214 1249 1254 1257 1259 1260 1264 1338 1358 1366 1412 1413 1513 1520 1521 1528 1531 1535 1711 1712 1803 1861 1873 1974 1992 2009 2151 2342 2347 2469 2542 2654 2745 2763 2963 2973 3280 3308 3476 3788 3884 3892 3940 3992 4004 4155 4163 4180 4270 4272 4610 4784 4787 4790 5157 5254 5296 5605 7713 7902 7941 8371 9523 9926 15527 5123 489 944 1394 6193 154 3471 5076 7116 10954 2775 222 472 614 707 715 1176 10180 229 475 1339 1893 2787 2853 6626 174 265 340 517 607 806 809 924 1076 1186 1349 1360 1979 1986 2576 3197 4135 4275 7802 193 864 922 1276 1398 3302 3425 3481 4037 4124 10585 207 710 969 1116 1175 1491 2014 3509 4613 4670 5963 7904 16735 17766 928 1342 1372 1561 1810 1892 2789 2975 3201 3660 4178 4917 64 65 89 230 234 298 348 377 412 497 502 511 526 534 538 689 732 852 936 1002 1044 1402 1613 1641 2013 2179 3982 6576 6957 7324 7927 12482 10 173 225 504 858 910 1159 1248 1609 1663 1857 1891 2380 2835 3026 3067 5239 8701 11737 3200 3473 51 67 159 328 331 423 690 757 777 815 903 1396 1400 1411 1620 2226 2341 2352 2559 2595 3240 3768 3810 5045 5235 5547 5780 6522 7530 12303 17424 175 292 464 907 1455 4342 16495 18647 300 691 3413 430 507 1100 1171 1410 2430 2574 2845 8676 11517 11712 186 510 514 1048 1216 4179 7137 610 818 1188 5067 12113 199 466 779 842 1550 1555 2192 2203 2210 2387 2586 2621 3997 703 839 898 1632 1976 2971 3030 6296 7329 7791 7938 13847 180 187 306 416 451 531 811 835 840 1094 1103 1151 1406 1464 1557 1954 1990 2001 2137 2139 2200 2277 2424 2594 2624 2939 2961 3557 3861 4003 4268 4444 5609 5925 6217 6581 6808 7885 8586 16661 545 604 844 971 978 1114 1353 1518 2370 2580 2610 2784 3416 4029 4116 4156 4814 6282 10604 10720 15564 84 661 687 966 2083 2134 2602 2723 2818 3727 4615 6012 956 5534 641 329 1195 3999 4165 228 10621 16498
567 154 173 182 195 199 210 217 222 225 426 433 697 859 2407 3259 3616 6294 6298 65 683 9882 418 428 1732 615 2424 425 81 205 622 4199 2402 2398 190 1167 3258 214 434 1424 4118 1378 1423 3694 3737 1633 2416 11589 3200 3413 3693 232 431 12495 211 440 3689 6836 629 11464 2137 2531 1958 3714 6410 203 1375 2542 2582 3371 3411 228 1964 8705 1504 2538 3700 10615 231 3068 416 1106 2134 2281 6159 7147 9457 10616 12976 14299 8832 1957 2535 2541 3686 3691
604 6 7 55 65 67 71 77 88 154 155 157 159 161 163 172 173 180 190 192 198 206 217 220 230 234 241 251 253 257 258 279 285 288 289 291 292 293 295 296 299 301 306 310 316 318 322 333 340 349 360 377 378 389 436 475 511 518 523 525 529 533 534 536 554 701 707 709 722 726 730 732 733 735 786 787 788 789 792 798 859 875 891 913 930 951 959 961 962 982 1004 1009 1021 1024 1025 1052 1081 1090 1098 1116 1131 1146 1239 1249 1412 1426 1475 1505 1534 1556 1601 1707 1772 1833 1941 2014 2021 2022 2023 2024 2176 2183 2220 2369 2440 2500 2558 2624 2853 3057 3201 3230 3302 3427 3460 3466 3489 3985 4043 4118 4180 4566 4616 4883 4915 4920 5249 5257 5767 6959 7054 7148 7533 8042 8311 8497 9013 9234 9348 9418 9426 11085 13621 14324 18647 265
1233 55 56 67 340 535 786 789 1001 1820 1832 8068 285 2523 6177 792 17528 289 293 299 310 318 465 646 5045 11084 58 329 467 1156 1729 3324 7814 12303 3960 11139 523 1505 1580 64 4153 10691 16735 8781 80 375 4487 5072 1464 3948 1306 4706
1313 152 748 2151 2640 7147 763
1802 6602 6773 2840 3754 195 217 1944 6228 899 4385 6417 11803
1962 210 2535 4444 5027 8676 3259 10214 40 425 429 448 2271 2815 6847 12002 12165 159 203 206 433 1062 1171 1504 1620 1983 2220 3447 3718 3797 4118 4566 4728 5429 6883 7074 7128 9860 11549 11963 15795 977 1632 2537 3714 4199 5423 6217 7887 9469 10248 13427 14846 432 539 12130 2402 6836 7470 59 485 2708 5925 1106 1481 5257 9959 56 84 4304 6785 10110 423 5929 4725 3200 3792 1811 9338 620 2405 2632 1895 4742 7663 757 1896 3201 3562 3738 4387 1694 8705 8994 11464 6376 6586 3281 72 1837 1031 1510 10615 2132 8140 1878 746 7325
21 55 289 293 299 462 465 523 646 786 788 789 792 794 798 800 972 5235 787
377 15 25 503 707 812 821 843 919 920 923 928 936 937 953 1339 1342 1344 1350 1358 1364 1368 1527 2009 4342 824 957 4670 841 917 942 946 955 1132 1338 1349 1374 1710 2972 4319 4326
502 291 294 544 173 906
579 841 843 1281 2654 3717 3722 4265 6493 953 6289 7941 15 25 954 1274 2765 2744
756 88 612 3070 1814 56 206 222 208 424 427 3371 199 203 225 709 1103 1239 1384 1513 2738 3258 3373 190 226 236 431 434 489 617 716 1083 1090 1873 1947 1974 1988 2416 2524 2606 2614 2616 3333 3436 3451 3482 8215 9484 10748 53 154 195 197 207 210 227 342 425 428 430 433 618 857 859 868 982 1151 1375 1378 1504 1520 1639 2131 2136 2424 2531 2535 2582 2584 2600 3400 3694 3771 4079 4118 5099 5926 7074 11234 14534 602 1048 2415 3768 6146 6824 173 563 918 1109 1412 1424 3341 4153 5480 6225 12220 2265 2408 6223 6544 416 6687 9485
860 152 917 1110 1131 1413 617 928 957 1134 1342 1358 2006 3417 4610 4670 4790 5636 751 769 949 990 1411 2624 4081 4675 4784 5297 5302 8386 11439 14950 238 418 632 763 815 854 1118 1221 1423 1522 1737 2484 3028 3308 3420 3779 3788 4272 4346 5296 6048 6576 190 867 881 942 1216 1264 1369 2370 3032 3476 3481 3805 4605 4787 4949 5301 186 227 512 954 1344 1803 2828 3470 4356 10095 15 233 1214 1254 1275 1527 845 163 1418 1707 2030 7419 10675 154 608 1113 1229 1412 3663 3810 5844 7057 7802 8930 11604 2362 2493 6830 10676 4077 16949 81 743 3884 4083 1202 2817 7047 188 879 1533 864 3792 6264 9457 3531 3703 6151 8696 17189 1633 2771 5299 9783 1150 2542 4273 1535 6659
1202 59 159 1810 4447 72 1001 210 599 627 1534 6852 9861 51 70 972 1836 3104 3281 3481 7138 8656 36 53 63 67 155 187 203 511 612 985 998 1004 1099 1150 1156 1203 1413 1824 3289 3466 4036 6130 7152 7346 13416 18391 68 99 225 229 233 603 715 851 864 875 1071 1079 1151 1253 1708 1844 2027 2531 2625 3109 3438 3920 3948 4069 4493 5503 7927 8668 9860 10524 15751 55 100 868 982 1061 3413 8995 601 3280 6582 17646 2145 2671 2673 3411 193 429 441 529 993 997 1000 1014 1019 1076 1703 2559 2562 2681 5124 6064 8555 9296 15690 17296 76 77 154 204 905 994 1213 1394 1604 1729 1878 2487 2571 2605 2633 2936 2938 3421 3520 4435 4444 4495 6698 6790 7934 11849 15037 172 253 697 734 777 876 880 1027 1827 2265 2606 4311 5192 6065 6762 7068 8993 9321 13156 14744 61 157 206 238 258 389 748 899 1062 1072 1089 1162 1686 1794 3288 4129 6776 6781 7343 13624 18008 986 1083 1821 3876 6177 9821 58 80 333 431 533 1015 1073 1098 1222 1888 1892 2176 2407 4113 4308 4728 5911 7821 9417 9858 17331 81 167 630 724 744 862 867 900 961 1110 1382 1513 1883 1900 2024 2375 2616 2738 2797 3110 3299 3686 4616 5216 5785 6556 6728 8546 9141 12077 12482 15527 576 2629 14052 15639 4126 546 889 945 1122 1249 1814 2535 3302 75 97 173 434 1085 1106 1505 2183 2347 2554 2558 3675 3768 3884 4180 5803 11128 18408 433 620 631 959 1707 1713 1884 3201 4118 4304 4351 5264 6073 6714 6722 6742 7470 8367 10080 11510 13900 15160 85 163 712 874 891 1013 1028 1195 1684 1795 2469 2552 2676 3067 3886 4732 4880 4978 5256 5925 6160 6544 6736 6883 7286 7344 7880 8672 9980 10625 13709 17157 17281 1008 2567 8140 15544 17887 436 951 1879 1885 2343 2523 2556 2608 4058 4384 5550 7473 8831 10026 11602 877 1414 2488 6785 9992 79 215 609 1601 3070 3306 11974 13013 906 1384 9324 82 1376 3987 6789 15327 3206 3473 6190 6252 9322 2341 3298 5414 2533 1700 192 562 2478 857 56
1309 53 226 233 238 271 583 610 612 854 1083 1116 1131 1156 1253 1979 2226 2606 2716 4853 4863 5045 6376 7081 7259 12535 16105 882 1151 1411 2277 4069 4092 5299 10370 11955 13664 13754 81 152 190 235 431 537 603 605 608 852 861 864 876 881 1044 1062 1118 1351 1504 1707 1957 1974 2281 2542 2616 3110 3259 3462 3893 4058 4060 4064 4081 4126 5440 5549 5550 5926 6130 6146 6182 6374 6556 6823 6824 9332 9344 11101 11181 15989 52 183 188 195 418 867 2206 11042 59 198 228 436 509 512 519 578 818 857 961 977 978 1150 1216 1613 1708 1878 1950 2579 2698 3201 3281 3436 3502 5030 5296 6581 6724 8350 10515 10681 12723 61 599 630 969 2014 3279 4384
1827 38 520 1066 1303 6542 14840 11087
1842 56 857 813 1358 3549 227
1942 1014 1072 13558 4308 3987 1398
2053 930 6282 265 378 518 1339 923 172 4135 491 944 3429 811 4137 377 936 1710 2179 2664 3660 835 4319 12893 16 503 953 1349 2370 25 2746 724 837 917 1121 2961 4286 955 1114 234 957 2975 4123 4136 6193 504 824 2014 5459 5768 288 488 2963 89
2079 293 683 786 4369 6225 6228 2841 40 333 403 540 1043 1105 1246 2643 3616 4262 4385 6247 6298 6453 11819 329 2427 3769 45 456 536 1201 2432 11215 318 4223 5426 1502 498 289 465 344 5266 2665 681
174 184 206 683 1116 1377 3105 3748 3753
235 15 370 500 503 518 841 846 918 922 923 930 1131 1263 1339 1412 190 821 917 957 1118 4610 769 953 942 1358 944 2787 954
697 58 70 157 175 227 238 278 529 1119 1306 2161 2681 3413 3992 5072 6177 6618 6619 6626 8781 10433 15690 53 163 233 295 475 930 968 1026 1099 1226 1394 1395 1399 1613 1620 1824 1965 1979 2030 2075 2711 2745 3890 4036 4123 4616 4880 5074 5480 5988 7007 7700 7821 13339 13446 18229 63 204 378 389 485 497 722 778 1156 1604 1793 1835 1847 2668 4600 4853 5358 5507 7018 7021 7029 7688 12890 16324 16523 18363 80 310 329 592 761 1061 2044 3053 3861 5073 5803 8790 10524 12928 16373 52 54 64 748 1556 1729 3197 4153 6181 8789 18039 1836 1945 1075 1123 1410 2059 2471 4049 6190 4316 81 90 727 2236 4863 11193 11635 11638 57 744 1062 1222 1709 1970 2605 2616 4447 4732 5192 7493 2 517 525 697 1255 1397 1900 1969 3902 4705 5064 8068 9347 616 2669 2676 5348 9862 9974 10522 11128 12006 56 154 174 603 747 777 907 1797 2167 2220 2226 2671 2673 2688 3164 3169 4852 5360 5503 6581 6585 6762 7017 7470 7694 9361 10519 15315 17294 18587 292 994 1132 1787 3110 377 11053 6159 6659 151 613 3289 7068 518 712 2667 2674 8802 10394 18094 4681 4865 5325 576 7693 2691 5346 1708 2677 2811 3411 6075 9353 1130 1139 10516 1745 3520 66 15793 17956
979 7 233 292 329 377 463 488 491 517 860 2220 3556 5079 5421 5653 6257 10977 11517 701 718 3859 295 907 1145 2941 724 1406 10859 1701 472 3563 190 36 403 538 540 854 1372 1412 1812 1870 2014 2625 2744 5586 5789 7419 9470 408 537 707 709 843 868 1104 1118 1131 1469 1527 1660 1672 1905 1941 2785 2789 2831 3110 3244 3719 3732 4365 6544 7941 8184 9144 9765 10069 96 206 227 288 298 302 310 425 436 487 599 903 1231 1977 2362 2841 3109 6130 8722 297 3558 172 1090 6693 1383 1639 1976 2183 2277 2786 89 173 191 230 313 331 453 544 679 867 2369 3475 7177 7276 959 2783 2380 2151 2595 2821 99 1240 1358 2742 2834 2853 2855 3084 3333 3735 4369 5526 8311 11581 14435 51 1103 1360 1803 2360 2780 3011 3928 4883 7423 12723 512 565 580 710 735 975 1510 2869 3445 3888 4251 5660 5688 1132 2342 2664 490 1934 7047 4059
1030 503 512 818 839 846 850 953 978 1044 1861 2143 2209 2379 2430 2955 3028 3246 3637 4163 5366 16595 810 821 830 841 842 1406 1555 2744 2765 3027 3549 3717 3721 3997 15053 188 500 710 917 1540 1551 1672 2014 3718 5673 7639 7941 785 809 812 2166 2594 4934 4944 4948 5100 1344 1369 2850 4004 4103 4940 11032 519 779 834 844 3236 4021 4102 6493 10095 14692 805 1195 1341 1528 1994 2168 4003 8251 14061 17953 18530 383 1214 3240 6287 8333 823 3545 12 3239 8910 845 2579 4275 806 1364 3737 10309 7423 770 4935 1257 2151 2576 5105 831 947 4211 1975 11604 1360 3720 13846 706 1568 4497 707 1206 1274 2172 3799 3050 605 2429 3810 7331 590 2288 3019 610 5306 1561 3788 4615 4787 8696 613 1524 163 1216 1527 1151 1400 3712 5688 6289 8259 238 861 1790
1044 615 5299 1110 1122 1202 2281 3299 11955 1504 5303 11956 2289 9825 2475 2471
1082 1154 1872 1929 5089 5605 10583 3057 40 88 235 443 618 733 896 1062 1408 1735 1781 1983 2277 2524 3200 4616 5045 5480 6687 7186 7904 8871 9487 11737 11849 17306 207 257 289 331 374 375 420 430 432 535 1090 1246 1515 1857 1919 2094 2102 2815 3324 3468 3488 7187 7239 8133 8392 13406 46 56 301 1109 1112 1117 1124 1159 1491 1958 1970 2083 2535 2614 5027 5429 7663 8830 202 425 485 612 629 1130 1390 1770 3293 3689 4389 5048 5412 5982 6414 6422 9485 10213 12079 13910 546 9689 12130 4039 64 980 1106 2632 4732 205 419 10618 9959 3019 1163
1191 53 57 64 80 81 198 238 436 562 599 614 630 728 735 854 855 863 868 910 920 930 1081 1083 1110 1244 1372 1411 1415 1422 1479 1824 1974 2637 2842 3160 3427 3776 3777 3878 4180 4371 5169 5306 6541 7148 7239 8111 9821 10621 11253 11765 67 173 182 183 190 195 199 220 231 286 316 378 429 533 534 610 613 625 633 706 707 712 744 748 889 917 964 985 987 991 1025 1098 1119 1131 1145 1171 1226 1230 1358 1369 1383 1412 1424 1620 1826 1835 1845 1878 1889 1945 2176 2347 2419 2478 2780 3003 3004 3201 3464 3466 3475 3477 4114 4379 5439 5636 5787 5894 6677 7533 8837 8998 9974 10891 11215 11477 11655 13393 15793 17895 59 70 159 166 192 193 262 279 293 310 333 389 425 525 529 601 632 851 857 903 975 978 993 1009 1013 1026 1029 1097 1121 1122 1306 1343 1394 1413 1423 1604 1832 1833 1883 1886 1891 1900 1965 2146 2179 2341 2346 2444 2458 2509 2542 2629 2783 2787 2789 2853 2901 3057 3171 3468 3471 3489 4036 4130 4773 5000 5027 5073 5785 6086 6177 7342 7880 9348 9457 10217 11520 15639 16324 17424 17730 18408 51 72 96 167 180 197 206 207 210 211 222 225 253 291 295 318 320 403 424 431 432 433 434 440 472 488 572 575 578 602 612 615 618 622 709 724 951 956 959 962 966 1079 1090 1150 1186 1249 1377 1380 1416 1427 1520 1580 1732 1810 1854 1866 1905 1944 1947 1949 1958 1976 2343 2408 2424 2614 2941 3258 3302 3398 3480 3732 3778 4118 4530 4785 5178 5260 5301 5423 6223 6959 7427 8210 8311 8367 8422 8555 8994 9822 9976 10394 15391 17008 17211 11913 328 1156 3863 5072 8781 12006 13339 5358 5507 7075 9987 1007 1983 7298 14766 15880 174 722 1255 1305 1752 1793 2500 3534 4728 5348 8132 11139 14760 14774 15037 15795 15798 58 777 1099 1332 2934 3413 3985 7470 7688 8789 8790 14779 16373 18391 9766 230 717 1406 1468 1504 1873 2463 2554 2570 2605 2668 2716 2834 3132 3169 3230 3675 3921 3995 4863 5156 5217 5452 5550 6004 7060 7927 8232 9361 9423 10395 12220 14761 15527 15586 16744 16745 17294 17956 3131 3147 3792 15457 2675 4029 132 603 761 1639 4027 6160 7520 7693 7695 8123 12112 14752 15301 15783 1103 1396 2149 2786 2856 7493 16053 11205 1073 1401 2498 66 1409 1397 1399 14750
1377 195 209 1179 2444 2478
1489 326 1874 1475 292 377 1854 5746 265 474 498 486
1754 163 3416 3470 4332 917 198 918 227 506 1118 1131 1261 5365 949 1343 1369 3476 4130 4675 4787 707 712 728 944 1229 1257 1338 1344 1523 4365 7791 1110 1412 159 9334 920 1639 3264 5105 947 3421 13087 2071
1789 217 604 3255 3468 6217 9823
33 233 234 614 964 1110 1119 1131 1133 1116 1123 3481 9346 4123 1128 1112 183 188 1109 418 1117 1121 1130
313 917 922 992 1079 735 3774 2342 3470 504 945 1468 1810 3104 6959 8794 7 163 180 181 198 234 380 706 710 724 843 883 951 952 1044 1104 1338 1339 1369 2343 2780 4123 4125 4130 4180 4278 4460 5123 5672 11517 25 947 1353 2961 6287 868 918 919 936 2742 517 726 1714 2746 4031 707 841 930 2787 1249 1372
439 6619 331 2247 2252 267 468 2906 2941 10955 12893 278 291 527 2921 3227 6618 475 707 1929 6902 4710 1640 1613 2226 2923 6631 2931 3605 271 329 1641 276 6621 249 3357 3318 6626 2222 1979 2236 2919 3067 3490 6903 306 332 360 617 619 733 1388 1402 1610 1620 1621 1636 1963 2179 2220 2352 3355 3675 5123 8072 11062 16501 17424 910 2841 2922 8184 959 4598 8178 9821 1826 2570 3563 4585 88 2251 301 1952 3673 14340 3303 302 1351 6384 945 11826 1828 3104 8120 11395 67 314 533 265 198 683 89 2346 63
515 10618 51 72 994 997 2562 6778 210 1085 683 6785 62 159 2408 2601 59 2531 8945 1116 618 300
981 3616 6773 14459 2121 6293 1949 464 15055 200 210 418 425 539 718 757 1005 1123 1394 1424 1510 1519 1520 2277 2535 2593 2716 2841 3299 3693 4058 4069 4316 4704 5260 5414 6414 7194 7686 9836 10395 12002 162 195 236 433 450 1159 1191 1201 1390 1966 1974 2532 2600 3203 4100 4387 5412 5417 5423 5549 6048 6226 6463 6759 7323 11549 11812 16002 18087 2422 1517 2407 5547 1105 1732 3673 6382 6594 6615 420
1093 867 15 1705 1710 630 1348 176
1242 217 712 4675 8722 709 1406
1330 1230 3778 7259 16744 16745
1497 565 580 582 583 2894 5659 5660 5665 7056 8123 8126 11736 13269 15301 15749 4 6 163 227 370 506 522 592 607 879 957 1110 1143 1219 1411 1413 1710 2014 2370 2473 3110 3264 3308 3310 3481 3806 3877 4613 4782 4790 5173 5297 5302 5303 6182 7802 8251 8420 8756 10351 11439 14950 7791 954 1150 1795 2313 4675 4784 4991 5301 6048 7057 7206 7929 10691 14685 4123 7111 4423 1106
1618 175 389 9322 68 98 744 3417 6585 85 592 599 612 863 874 998 1013 1017 1019 1103 1150 1844 1890 1893 1896 1897 2470 2562 2935 3520 3768 3920 6150 6586 7343 9289 12314 13168 13171 14712 15793 852 1292 1824 11638 32 878 4311 3501 9974 82 7821 132 3534 59 620 1027 2043 880 1727 2060 1061 4028 1265 1132 1787 997 5917 4725
1791 257 291 310 534 701 787 5767
1896 444 4100 4934 4936 15055 823
1928 985 1243 173 1834 1167 17516 1694 2632
262 4270 506 1081 1150 2405
517 17825 107 440 448 1159 1409 1946 2605 4062 7699 7695 15880 2810 16745 14750 1167 1943 6004 7688 7694 527 612 1801 2673 3451 3777 3920 6155 6410 6762 13972 17512 17956 15783 2668
728 99 226 229 233 436 716 856 1119 2480 4069 4444 8672 9629 1510 1164 7 1381 5182 425 517 1701 7128 1873 9332 2362 4566 2531 969 1886 2405 1652 12720 4058 881 715 511 59 6728
761 67 1083 2936 3280 5258 51 58 159 172 193 206 997 1015 2552 3413 5045 8582 8671 959 1891 2562 3281 13900 8656 857 1885 2556 2783 6073 17528 777 1878 1099 1409 9858 3562 8790 55 295 1017 5550 9861 302 1738 1889 3289 1397 9860 77 7068 8781 99 100 861 999 1014 877 1013 3430 17702 612 1890 3119 3285 310 6064 4732 288
813 53 206 1098 1848 2638 12002 154 238 620 1970 2419 204 5185 6582 1747 1835 80 137 10005 12726 16746 1512 5192 445 621 1787 1790 12890 14096 1964 5547 6762 54 301 1609 4316 748 4049 197 16745 235 17048 18587
1050 433 1837 3691 3703 5048 59 126 154 195 211 217 225 229 232 236 424 425 431 602 604 615 622 629 858 863 982 1097 1504 1732 1947 1957 2402 2407 2416 2424 2542 3057 3105 3411 3504 3693 3694 3714 3884 4118 5549 6217 6422 7076 8210 9959 10110 10214 10517 10618 11900 12495 13664 2422 3208 11421
1137 55 65 67 154 288 289 292 295 310 320 329 349 455 511 525 1052 1613 2179 3316 3878 5988 306 4024 2391
1350 937 1710 56 190 562 868 2006 64 447 608 610 619 712 716 724 920 922 942 975 1119 1132 1343 1369 1372 1795 2346 2347 2463 2569 2716 2854 2972 3071 3416 4124 4342 4784 7054 7792 10891 17887 163 253 717 905 917 918 947 1110 1122 1249 1350 1883 2469 2554 2899 3774 4130 8111 8555 293 318 924 951 1186 3110 72 706 2838 2901 503 2444 1397 6957 226
1445 2094 3488 67 241 251 257 285 288 289 299 318 543 903 1556 2082 2102 7391 294 349 455 10074 3741 2548
1506 126 618 10524 3771 1075 199 1089
1580 289 310 326 455 469 2523 3866 288 157 291 305 318 908 14516 349 680 1684 323 89 528 682 468 686 1691
1701 229 1116 2415 3754 4191 6048 10613 2775 6773
1826 217 229 1295 233 536 3769 453
1838 55 65 172 262 285 310 316 614 1382 1424 1519 1652 2220 3110 3201 5789 9470 67 195 217 289 701 1383 3460 3466 53 241 2627 4118 468 525 622 889 961 2265 17281 71 173 900 1384 266 965 4079 1098 3488 77 888
1926 3109 572 1427 173 420 858 862 3902 9823 12130 53 54 58 64 238 439 886 1062 1085 1213 1768 1771 1824 1983 2542 2616 3206 3259 3279 3280 3287 3288 3290 3300 3411 3502 3890 4316 4810 5027 6217 10685 10738 12002 13393 1081 1394 2071 9332 10214 8871 10110 423 1396 1405 3164 4382 5549 7904 887 1075 1663 5934
1938 40 195 199 210 211 217 222 230 233 426 431 434 440 602 615 618 622 629 683 712 730 945 959 984 985 1090 1159 1239 1375 1389 1424 1632 1718 1947 2009 2127 2277 2407 2424 2627 3105 3258 4079 4118 4379 5452 6417 6422 6836 1013 235
1984 1263 188 1339 2009 1672 8 396 375 707 754 841 843 918 942 1872 4171 4342 5076 5082 1 500 1919 2094 924 4 518 954 957 1910 813 930 1374 2623 3197 4170 7117 1528
1992 167 190 195 424 622 1097 1377 1383 10618 40 211 228 236 615 1502 6687 8479 154 961 3203 1239 1398 1988 3019 4262 5233 6225
190 3966 6721 3173 3948 288 463 708 1081 1764 289 340 374 803 2523 3960 67 56 1460 3576 3980 12352 18606 251 455 3947 3978 157 479 722 800 3982 3985 15533 90 252 270 292 1475 11139 12303 17730 265 279 7688 349 14516 6429 257 2934 15532 459 913 1441 89 386 9234 18288 350 360 1021 15236 3557 5000 2548 5215
228 58 159 167 212 222 225 231 441 554 602 609 615 630 718 728 734 863 1098 1150 1160 1418 1504 1718 1732 1817 1947 1958 2281 2369 2402 2630 2893 3131 3147 3279 3280 3443 4064 4538 4543 5296 5549 5659 6048 6824 7068 7331 8594 9467 11602 11736 12002 12220 13539 14301 14840 15749 18363 219 227 316 618 720 858 859 885 959 984 1090 1159 1164 1167 1220 1721 1983 2136 2279 2473 3119 3258 3299 3444 3450 3460 4077 4520 4535 4545 6182 7407 8866 10691 10756 11737 11956 13368 14509 17306 2640
295 503 917 928 936 942 949 1261 1339 1342 1350 1360 1366 1526 2838 3476 1412
670 65 167 310 366 535 991 1055 3171 3237 4574 190 220 1048 1941 2614 538 722 1604 3106 178 229 291 312 1377 1601 2018 4566 4570 9160 182 1409 1470 2521 2544 8830 12567 903 7187 296 88 154 191 221 301 1486 1977 6376 207 851 906 2277 1934 2071 1375 1517 3737 4706 5428 7186 530 1514 6222 5045 546 1395 1400 1980 3502 206 418 1384 331 1090 1700 1976 1982 2786 5487 6920 84 3730 70 228 298 539 757 981 1376 3411 1981 66 1986 2602 5149 80 238 969 1142 1155 1397 1520 1954 7324 10987
725 1422 1970 3987 10129 17644 151 592 4037 7148 607 732 1146 6257 4024 3462 1121 1154 2605 7142 7126 9289 612 6075 8309
922 53 154 744 1787 4316 5503 5803 16002 88 8042 137 163 170 238 3252 4313 4444 4994 5475 5927 11053 621 3164 3686 3902 4049 4153 6760 7058 7382 7821 11635 13393 11049 14222 65 182 221 423 511 602 604 606 858 968 1094 1151 1306 1381 1384 1424 1463 2277 3026 3259 3676 3890 4119 5418 5914 9882 12026 166 722 2075 2745 3280 6181 8699 171 191 1385 7194 217 418 444 56 58 64 173 204 436 533 851 1122 1375 1781 3992 6756 10172 12787 57 81 432 506 748 962 967 1394 1397 1505 1715 1824 2605 3258 3763 4113 4118 5185 7533 52 54 66 155 175 229 757 1089 1121 1130 1222 1470 1491 1705 1731 1800 1983 2044 2441 2506 2952 3109 3282 3290 3753 3884 3886 4179 5197 5200 5890 6222 6231 7157 8438 8789 11234 13910 84 107 159 206 812 3411 3901 4230 5966 6217 7007 7810 11898 70 165 183 981 1098 1793 1835 2681 3863 5074 6177 6582 7140 7644 7814 8504 72 203 228 425 707 992 1109 1790 1795 1801 1833 2616 2668 3158 3995 6161 6581 8853 9353 9974 16373 71 80 220 447 613 734 778 867 1104 1116 1755 2460 2716 2783 2935 4716 4863 6137 6472 6930 6949 9700 11652 16523 16735 18237 162 199 210 237 366 434 603 982 1176 1418 1504 1553 1732 1735 1745 1829 1958 2030 2669 2673 3732 4853 5698 6045 6758 6759 7826 9892 10610 10918 18587 132 888 993 2149 2150 2674 3264 3405 4143 4734 6789 7694 7890 9336 10518 14750 17819 8510 3681 1079 288 644 661 2047 3307 416 624 5617 1934
977 220 6724 222 715 8830 72 227
1172 955 518 917 920 924 928 930 936 946 1128 1339 1349 1350 1358 1998 4135 4137 163 72 97 176 903 1009 1243 2787 8802 506 712 899 302 340 525 798 800 919 942 1113 1772 1851 2006 2050 2054 2313 3429 3470 4705 5982 7140 10691 11480 16333 6 2975 2047 3171 4332 298 1375 1425 3421 5175 5459 5772 5787 1123 12928 1729 1835 11765 370 2044 2614 3405 3859 3940 925 963 964 1110 1505 4920 727 2003 1133 2067 3730 961 2059 2176 7096 8844 2055 1172 4252 4991 180 1109 4616 186 1114
1405 2424 622 211 1155 426 1777 1958 199 205 1949 3693 2632
1582 154 173 226 229 436 537 982 1239 2430 2840 4201 6602 209 498 1378 4262 4826 6293 8873 453 504 1091 4189 4191 4434 166 195 383 815 965 1194 1645 1974 1977 2738 3110 3373 3444 3732 6191 7625 217 830 11517 198 3621 3739 1768
1650 1513 7008 10753 176 234 333 758 1186 1645 1788 3053 3833 4225 4821 227 230 481 508 1372 1814 2459 8945 3019 6997 190 868 3444 163 380 383 1639 2033 5306 5785 7239 11170 726 9595 3364 3791 10961 441 1504 152 159 964 1118 2542 2579 15327 1520 3328 10402 605 842 1418 1896 2481 418 450 1412 2490 162 757 770 2279 5876 10847 859 977 4434 225 7331 7375 59 424 4188 549 863 3279 4194 6824 2029 3447 1888 3792 13664 3011 206 703
1657 5188 9882 222 1828 1427 2247 4051 1109 2226 2688 748
1736 3763 187 429 1244 1889 3119 1081 1505 6389 5268
1819 190 230 301 468 507 1672 2458
1822 4194 1645 3456 4184 9469 10402 2372 3328 3444 3455 4218 6391 9960
1910 1246 13393 6539 1155 3502
2039 190 204 220 238 349 510 525 533 885 900 913 1081 1098 1099 2352 8042 3104 184 715 157 171
428 72 9992 6776 6714 51 3281 6781 7880
540 69 1061 1075 3893 3896
657 759 207 233 236 377 498 512 758 1786 1789 1876 2154 2383 2747 2820 3833 8298 8790 210 432 448 486 3231 4118 4435 10327 81 4024 165 813 5072 3769 735 170
699 7 53 56 154 166 173 202 227 489 533 554 718 735 961 965 1014 1119 1206 1242 1394 1513 1639 1814 1890 2127 2343 2901 3011 3768 5216 6073 6257 7357 7411 8184 8790 8820 9332 9861 10026 10130 10753 17211 30 55 58 59 72 82 99 100 159 172 190 203 226 234 238 316 383 511 534 575 603 715 716 728 857 975 979 1027 1062 1073 1081 1099 1132 1360 1384 1397 1803 1810 2027 2341 2523 2531 2565 2783 2842 2853 2864 2902 3469 3739 3982 4069 4278 4308 4432 5770 5780 5785 5812 6541 6959 7406 8367 8671 8722 9467 10526 12112 12113 12352 16340 17424 18288 18391 183 429 436 472 855 999 1001 1048 1351 1884 2562 2855 3231 4115 5215 11652 4 61 88 220 230 432 518 539 569 576 578 583 599 601 605 683 724 726 732 750 923 930 936 937 942 953 957 982 985 992 1244 1249 1338 1339 1427 1510 1556 1710 1873 1974 2029 2038 2347 2624 2664 2789 2834 2871 3109 3197 3444 3889 3987 4541 5257 6282 6539 6957 8069 8564 10394 10864 11487 11933 12351 14019 64 65 76 152 163 176 182 192 193 210 215 228 229 233 235 562 565 570 585 592 610 706 730 856 858 859 863 867 874 879 892 917 920 922 945 956 959 987 989 1004 1098 1110 1128 1150 1220 1230 1343 1353 1366 1369 1372 1411 1413 1415 1464 1694 1802 1804 1813 1826 1829 1847 1888 1941 2002 2031 2136 2342 2352 2444 2490 2570 2616 2630 2786 2869 2899 3106 3110 3201 3302 3308 3354 3436 3458 3473 3501 3674 3732 3776 3778 3789 3886 4051 4109 4130 4250 4251 4363 4379 4520 4538 4543 4616 4622 4785 5157 5172 5375 5382 5434 5550 6165 6708 7148 7211 7227 7239 7259 7325 7407 7533 7935 8111 8123 8283 8291 8309 8545 8795 8812 8919 8988 8998 9287 9321 9416 9419 9423 9426 9427 9435 9595 9716 9926 10027 10133 10351 10412 10571 11477 11602 11927 11955 12077 12220 12314 12599 12752 13273 13558 14529 14878 15391 15989 17166 17648 18655 18656 188 198 199 206 298 377 453 497 504 614 627 707 709 710 824 854 861 868 918 977 1008 1052 1072 1089 1090 1103 1122 1131 1145 1375 1426 1497 1686 1808 1817 1845 2009 2014 2379 2459 2465 2544 2606 2780 2788 2823 3003 3470 3471 3475 3482 3993 4124 4165 5010 5526 5672 5844 6363 7902 7927 8340 9418 12623 13474 14459 15327 994 6070 903 5659 3888 3765 5447 9823 10217 2369 4494 6065 70 81 530 546 580 1135 1246 1400 1406 1844 1992 2001 2360 2894 3946 5444 6506 7056 8054 8808 9352 9977 10515 51 62 75 85 91 96 97 98 441 620 969 993 995 997 998 1013 1019 1126 1239 1520 1892 1899 2567 2938 3158 6781 7686 9255 9469 443 910 1071 1705 1900 2446 2478 4920 4927 4928 7152 7156 11146 12288 1358 3476 3774 733 3620 1006 12071 877 1886 1897 3920 7347 9253 1079 3057 2648 7343 4993 2937 5254 2873 1531 1535 2013 2838 3264 3481 4286 4458 4675 5365 13126 14950 1002 1807 10370 1881 3777 5256 6150 14061 612 871 875 1017 1083 1534 1896 3280 5913 5917 7076 866 1781 5912
1215 360 3488 3763 172 184 227 293 316 329 355 491 525 538 701 792 908 962 967 1048 1375 1464 1505 1772 2023 2176 2523 2544 2639 3033 3200 3748 3753 3982 3993 4223 4756 5249 8371 8820 10133 11725 15533 183 288 3057 17075 310 333 903 985 2632 11085
1329 57 65 602 609 1375 1556 1824 2558 3106 3258 5480 5553 6698 6853 9013 9296 16230 154 199 217 225 607 697 735 991 1106 1383 1729 2265 2893 8504 13624 200 601
1500 166 316 389 878 1295 1303 3466 15037
1746 65 72 154 171 199 206 220 225 229 511 601 709 851 862 905 969 982 1382 1589 1958 2364 2542 2614 3945 4311 4705 6190 12298 99 632 716 66 228 5890 416 3502
1971 841 918 943 1249 1412 2744 2792 5365 7902 8386 9523 1810 735 868 917 954 1257 1337 1341 1352 1353 1358 1364 1369 1522 1524 1535 1992 2342 2784 2973 3480 5010 5157 6264 10672 10768 947 949 1261 1281 1344 1366 1521 1523 2765 2838 4265 4275 4277 5366 188 2859 860 4102 2579
4 51 152 181 217 920 1870 1873 170 183 1009 1385 167 193 918 2961 64 72 151 156 173 174 175 188 1824 163 1917 162 2370 3416 53 70 80 154 157 165 184 192 463 467 632 706 726 1248 1745 3863 171 1713 99 153 180 185 1295 1810 3988
10 217 211 428 431 1377 3258 208 416 430 440 199 418 196
136 67 155 289 291 292 295 310 320 329 455 459 525 2523 54 71 257 288 305 314 325 326 333 377 485 538 891 1024 1556 2022 3173 3856 161 465 786 907 2439 294 318 1459 481 306 328 1444 2984 498 701
182 2277 58 683 1464 1470 2047 3875 1553 16324
543 190 65 199 533 13339 70 81 174 233 537 2006 4600 12006 7 72 154 173 389 511 516 1062 1104 4024 228 2009 1118 193 1132 1376 1766 187 1379
571 58 67 155 167 318 320 360 467 523 525 538 789 3198 55 88 289 295 310 709 790 890 1249 291 333 701 968 1656 2462 5045 788 3186 8584 229
736 250 475 7874 1979 2179 6618 6621 7759 286 9840 9888 5254 2226 258 493 1380 1704 5215 7777 10016
765 210 223 227 512 606 618 709 716 1243 1520 2531 4089 5925 10618 15961 977 195 199 418 424 629 632 1418 3258 4118 433 1162 53 56 70 72 190 196 206 217 271 276 619 621 1073 1098 1155 1163 1390 1396 1400 1405 1631 1735 1946 1950 1963 1983 3293 3691 3902 4028 12079 757 1621 170 2398 10005 4387 331
938 378 3928 4361 9187 371 538 1377 3859 972 297
1245 1505 3771 1409 1179 5030 13425 225 403 492 6247 230 540 1182 1866 2815 3373 3398 3769 6227 6293 6453 10327 430 1502 488 1247 4385 930 228 4118 9977 507 1043 1243 1854 6769 4255 4262 1181 1197 518 726 2661 6191 7776 207 222 229 486 493 498 1105 1151 1193 1200 1517 2600 2843 2850 3616 3737 4756 5426 6228 6298 8884 10737 11796 159 3341
1263 325 6721 8718 289 333
1442 3032 45 4103 1179 3719 4100 506 1055 805 1981 1984 810 2661 3940 6127 492 1978 3237 3238 5485 10583 814 837 503 1044 2143 2379 181 3050 6570 1797 1988 522 1274 1982 2477 2765 383 497 1540 9963 3029
1517 326 239 1459 542 257 294 301 468 1556 8067 903 297 4619 55 89 317 8605 4710 2607
1601 2 441 515 870 1083 1534 3432 3438 8369 8668 10794 875 5113
1711 65 154 182 195 203 204 215 217 227 355 429 441 486 511 599 604 620 624 683 892 959 1089 1105 1239 1375 1378 1383 1388 1412 1422 1519 1643 1718 2131 2265 2625 2840 3057 3105 3459 4118 4177 4385 4837 6298 6453 7140 7194 7274 8504 8592 9629 10080 11230 12077 14318 76 210 431 629 6069 12724 17306 1164 6852 8656 863 1242 8312 1002 4069 59 428 857 6452 984 4810 10041 5785 13416 289 298 576 1886 3279 17873 58 97 455 459 969 1513 1888 2521 3299 6458 7325 7406 9469 12752 206 1162 2531 3673 4541 1244 1515 1804 3316 4618 8161 9321 907 157 3585 7456 569 1075 89 77 197 208 679 1469 1837 4371 8223 886 2346 2922 13156
1799 88 306 67 257 288 289 292 295 299 310 312 314 333 535 1052 305 892 1459 2454 304
1946 380 2044 63 378 418 518 599 891 1098 2047 2051 2176 3425 3466 4136 7256 8853 1114
2062 459 945 1418 3749 4920 5306 6252 538 11725 190
747 8 25 45 233 412 419 486 493 494 500 537 768 810 813 842 846 923 953 972 1046 1091 1180 1182 1185 1194 1196 1650 1672 1674 2209 2430 2574 2576 2579 2608 3033 3616 3621 3769 4100 4262 4826 5065 5969 6228 6293 7724 11032 17953 7 487 499 1392 13431 1853 6547 603 944 1040 471 691 779 816 825 1024 1181 1201 1551 2617 2839 3027 3247 4021 4118 4346 4385 4497 4934 4948 5963 6770 9987 15053 15055 464 498 529 682 809 823 850 1195 1203 1399 1550 1555 1557 1561 1563 1854 1861 1863 2387 2407 2498 2618 2693 2850 3032 3548 4102 4170 4201 4935 4936 4940 4944 5101 6615 10309 10650 16498 16595 89 331 757 191 210 229 324 524 538 680 1105 1189 1191 1377 1400 2210 2653 2961 3557 3753 4174 5950 6008 6346 6633 6772 8274 8277 1444 10784 527 2500 6543 330 475 1021 2203 2847 6012 182 344 1192 1858 2840 3712 4837 5799 5966 6773 8161 9666 9672 10535 2429 10955 355 722 1184 1248 1568 2186 2621 2845 2940 2955 306 1009 2062 2192 3029 3673 4230 12780 162 418 546 621 632 964 1100 1614 2723 2818 3562 6759 9336 491 687 763 3817 6014 14638 195 209 808 977 1171 1176 1188 1401 1449 2176 2214 6626 6906 8873 12718 217 228 1383 1670 3997 4166 8264 8364 328 492 770 1159 1860 3999 4028 5553 6225 8504 425 547 1156 12477 898 1731 11475 157 187 1038 1866 2204 6191 14124 811 845 1037 1179 4168 4171 7260 8027 8340 17424 454 755 978 1632 1645 2572 3333 11803 2404 3341 222 1848 3196 3902 4616 5478 5926 7007 13375 15564 298 602 1518 4618 615 622 5149 7826 107 1200 1390 5045 5071 5978 6016 1190 1709 8153 4003 9963 3411 6602 199 437 481 536 548 747 2277 3057 4814 10069 14208 170 433 445 1633 3491 5673 1990 11155 55 154 2627 1163
1466 299 314 326 333 889 1596 2183 14240 17166 67 230 291 292 298 320 325 680 716 1090 5767 5988 322 3460 288 293 311 55 257 289 295 312 318 331 332 786 789 800 890 891 906 908 913 1246 1249 1444 1507 1590 1601 2546 2558 3489 4566 4978 5123 5178 5257 8364 12357 12535 14516 18408 182 253 310 511 959 1079 1242 1464 2343 2544 2786 3470 8555 9418 296 465 523 575 1024 1580 2019 4130 706 1684 1850 2179 2444 2463 3482 3748 9160 386 543 907 265 285 350 1604 1687 2094 3795 340 1459 2220 4622 349 461 681 909 1937 2018 4069 89 1591 1934 3497
1717 333 374 375 379 525 538 3324 289
1727 84 190 199 210 423 453 887 1155 1159 1983 2535 3475 3681 4025 4089 6391 6678 11244 14846 15994
2047 1827 744 2605 7473 16746 6949 57 7021 1156 5803 5346 1787
435 173 492 503 507 758 768 770 785 1194 2383 2574 3400 6576 6843 10525 2100 7 8 1203 3028 1181 3717 3729 9452 757
492 1513 2031 2343 220 890 266 903 1980 1243 8188 205 212 959 986 1097 1150 1155 1424 1732 1764 1804 1949 2176 2861 3461 3612 7190 9296 14096 67 292 1772 3310 3488 5787 7323 14124 197 215 630 733 1002 2402 3306 3475 4216 6708 206 230 300 1091 2446 2478 599 863 1062 11739 45 1098 1112 2632 3213 3670 12599 227 425 434 969 983 1206 1767 2616 2786 6763 56 193 355 524 951 1807 1934 1958 2083 2624 4570 4704 6187 7699 8594 8649 366 1901 3707 3795 4530 5415 6915 7427 9160 14019 1469 2360 3558 4083 982 3677 544 610 1811 3689 89 440 608 1643 2281 2407 2047 3739 1351 2051 2641 3279 3465 9458 7743 58 192 225 289 1770 7436
605 220 234 605 2361 3252 170 2853 4313 6913 11049 715 1382 3306 5785 8830 9826 13624 15160 227 606 982 1873 8504 1094 67 412 534 961 4495 208 157 89
614 1672 209 1375 11517 496 830 978 1854 1873 3753 182 1118 808 6249 500 6772 355 3427
715 959 4460 6959 3921 737 930 1464 978 5487 824 841 917 924 928 937 946 992 1053 1339 1368 1694 2018 2765 2975 4275 4670 5812 9302 707 730 918 1366 1415 3302 3481 6 12 1350 1372 2463 3563 4180 920 936 1358 1369 503 733 785 962 1134 1143 1348 2941 2963 3637 4179 4272 4605 4971 5101 5485 706 732 1113 1352 2342 4342 713 724 4680 8042 9523 814 823 952 953 1992 3476 5841 8386 9822 18530 726 929 1249 2565 8420 9347 844 923 947 957 1338 1342 1374 1914 1917 2006 2370 2966 3416 3901 7116 10585 10864 10954 10973 1145 1259 1859 2972 3660 1343 6287 4567 807 2746 1349 3088 198 607 843 1274 1866 2009 9433 517 2369 4136 4319 4787 186 728 1981 3266 4326 746 4570 5076 5365 942 2786 821 3722
769 533 969 1384 190 207 4705 227
1150 2437 1580 1459 289 465 356 523 3606 5266 2456 11769 13474 291 4543 293 906 3777 292 3128 5683 294 325 915 89 321 344 430 458 461 681 686 793 797 1453 11236
1165 72 159 511 1713 220 533 735 715 614 1778 1934
1219 166 172 221 511 1375 2544 9234 1062
1844 858 1098 3057 3740 59 1014 3468 2277 256 1119 1811 5790 221 53 961 225
1871 289 332 465 475 523 527 534 288 291 292 293 333 455 459 903 2220 2523 4883 279 305 322 239 2179 359 3488 301 67 318 295 311 17286
1951 163 6417 227 440 230 436 453 615 860 1737 3333 6687 4092 859 6452 9160 425 1155 3258 9598 12359 88 6910 3691 412 1486 2083 228 982 11510 15994 206 420 554 1159 1958 2277 2404 2823 3355 4184 217 226 298 1415 4025 4618 4802 6773 10955 4199 7177 222 5439 470 1804
124 230 1797 45 65 70 178 182 190 198 203 220 221 229 234 310 333 377 378 405 407 455 468 472 510 534 540 724 962 1052 1104 1145 1243 1788 1860 2179 2526 2716 2738 3667 4297 5072 5784 6193 6626 7008 8671 88 209 265 329 489 592 1072 1713 2383 2500 3240 3833 172 370 460 500 503 1186 1892 3563 4024 4609 25 154 408 504 1406 1787 2014 4880 11170 475 497 1795 1859 10433 16498 949 954 1044 1604 67 72 173 187 192 1061 1786 3027 3053 4949 12352 516 707 951 3050 7 2154 7947 1372 63 486 496 75
209 257 292 306 333 456 786 913 1580 329 289 89 302 314 680 1054 1453 1684 2801
447 2670 616 1787 4852 70 5718 14669 6659 2681 233 2030 3504 6161 9997 10164 11631 11900 14672 69 72 81 151 152 157 162 163 180 227 238 418 441 444 631 743 755 920 959 1073 1099 1112 1130 1139 1219 1229 1394 1410 1412 1418 1708 1709 1795 1800 1965 2044 2054 2469 2470 2471 2486 2668 2716 3132 3169 3216 3462 3531 3536 4113 4123 4126 4379 4423 4723 5173 5175 5325 5839 6150 6189 6582 6930 7119 7821 8230 8445 9146 10074 10213 11023 11477 11784 14878 15457 15671 15675 16333 16745 1739 15690 17294 173 1707 1226 5709 1098 1109 3902 6762 8919 7018 98 3541
651 67 310 389 3501 289 4043
656 51 601 998 3856 1889 100 985 1846 3921 258 3201 72 732 987 2343 2558 3501 3674 8988 8992 8993 4180 193 999 1886 2559 2936 4978 1820 227 2554 2784 8991 599 5156 4130
914 9 10 11 12 13 29 812 820 835 923 953 1299 2963 2969 2970 3416 3551 4171 4178 4971 6289 7116 811 844 5673 516 519 7078 10954 4876 6873 1270
1094 621 863 65 511 715 5890 13688 1122 4444 6852 221 1375 451 225 15172 1875
1110 507 917 928 930 937 944 957 1110 1339 1342 1350 2379 1172 1998 2002 920 4670 188 806 846 2654 2966 4178
1273 72 173 190 225 229 233 971 1090 1104 1300 3188 9 29 3184 4873 13 24 34 81 154 418 1098 1299 1711 1714 5609 11087 30 1298 4810
1450 1045 2080 65 492 507 537 779 813 1041 1043 1185 1193 1197 1541 2425 2661 2666 3373 3721 4756 4850 5426 5969 6132 6453 6769 8710 8884 1674 2430 207 16002 1678
1472 93 152 156 190 209 517 910 930 1071 1118 1705 1917 2446 2681 2775 3425 4920 4922 7156 12288
1485 166 214 610 618 622 1098 1116 1154 1929 3057 5441 8392 288 292 525 9487 718 2277 5790
1533 257 326 333 903 4980 8991
1667 1106 154 300 1163 4609
1855 432 1048 1925 2614 629 716 1502 3266 5429 3373
1964 65 229 425 1515 2632 3341 4089 4262 6453 424 1090 2083 618 14435
2046 1044 1091 1300 1339 4873 522 198 2014 3184 5653 9 17 190 233 1104 7 13 30 31 36 41 49 504 518 930 953 1131 1295 1714 3244 3551 5079 6252 6257 9242 27
140 65 126 154 190 195 199 203 207 208 217 225 237 416 424 428 432 436 533 620 1094 1097 1873 1988 2524 3252 3469 4118 5475 10517 10738 12002 602 622
173 172 316 425 857 989 1389 1814 1817 1958 3744 11549 12026 542 1463 1868 11963 1412 2786
232 288 309 540 4565 285 299 308 4566 289 257 10987
487 321 326 333 1685 680 1684
596 72 82 203 709 1090 227 3768 10681 441 612 993 997 1014 1027 3558 6698 7343 30 88 166 193 533 877 1079 2531 4872 5586 59 429 863
837 418 444 1418 52 53 54 64 103 126 154 162 163 190 206 237 238 433 603 608 616 632 748 755 763 868 1098 1118 1222 1731 1737 1745 1752 1781 1787 1790 1835 1965 1969 2145 2161 2167 2605 2668 2669 2673 2674 2675 2716 2811 3132 3411 3686 3902 3995 4113 4118 4732 4852 4853 4863 4865 6004 6043 6048 6159 6190 6582 6910 7058 7060 7382 7693 8438 9783 10518 10519 10524 10738 11905 12718 13972 14301 16744 18587 107 132 137 195 744 761 772 1226 1423 1727 1735 1747 2149 2279 2582 2593 2670 2676 2691 3504 3520 3703 3817 4230 4734 5844 5876 5927 6151 6155 6160 6169 6756 6758 6761 6762 6763 7695 8027 9766 10005 11200 11475 11712 15315 1109 1736 7007 174 407 606 780 1728 1746 1793 2667 2671 4153 4228 5074 7686 7890 10516 12703 13539 756 3534 141 9672 14761
898 67 77 292 310 329 525 1098 51 534 2346 55 58 251 270 295 318 340 889 2060 2523 3281
1010 51 993 1013 1079 2347 72 180 732 952 997 1024 1026 1249 1810 3863 5841 9234 10433 877 1001 1003 2027 2787 4385 5254 6698 7927 8743 9990 5156 189 726
1029 27 52 56 59 61 64 76 88 98 151 159 172 193 203 206 207 215 429 599 605 620 706 709 712 734 761 857 859 862 867 900 993 995 998 1073 1079 1089 1099 1150 1160 1249 1369 1406 1415 1794 1795 1799 1827 1834 1866 1891 2265 2362 2369 2460 2487 2531 2532 2606 2938 3201 3250 3282 3413 3441 3444 3460 3768 3778 3920 4109 4622 4742 4807 4999 5500 6728 7239 7404 7406 8069 8121 9324 9629 9632 9826 10351 10524 11484 11849 12725 13168 14052 15100 15961 17331 17512 51 54 63 72 173 238 441 575 576 718 863 1122 1394 1703 1709 1738 1836 2136 2567 2571 2629 3097 3109 3425 3945 5416 7934 8153 8291 8671 8756 8806 8936 10526 11179 14222 65 163 190 220 554 562 563 715 985 997 1018 1873 2490 2552 2633 2738 3106 3119 3160 3469 4079 4129 6137 6452 7343 7347 9426 9647 12298 13425 70 154 155 318 1372 1382 3117 3792 5255 6784 6852 9980 221 1844 1895 2556 3789 15584 96 245 436 578 763 905 986 1013 1899 2027 2043 3285 3290 4494 4495 4705 5169 8068 8140 9521 16373 100 210 520 533 981 999 1892 1897 1900 2029 2535 2559 2792 3186 4541 5503 5550 7792 13709 17055 99 235 250 511 585 851 854 991 1019 1027 1103 1242 1244 1397 1639 1885 4069 9296 10918 16340 7 95 227 565 1001 2544 2609 2783 3889 4369 4384 5768 7725 9468 58 1104 7525 9344 11234 67 601 735 1633 1694 1833 2419 3070 3465 9699 1000 15641 183
1073 11477 578 610 613 3778 12112 3004 3003 3012 212 734 8126
1074 51 59 72 85 99 159 187 193 429 441 599 866 867 875 877 889 993 997 998 999 1017 1073 1079 1083 1122 1534 1878 1892 2531 2552 2559 2936 2938 3431 3432 3441 3451 3768 4541 8291 9255 10794
1152 154 190 221 1089 204 205 212 424 533 599 602 615 629 630 863 874 1094 1375 1384 1804 2606 2708 3106 4115 4311 6852 206 621 1949 3117 3686 2792 1652 5475 195 753 4060 4082 4108 4174 10613 13427 59 126 152 162 1806 4058 4114 11234 84 554 1400 1965 4059 4622 10385 1510 6758 7895 11898 12710 15639 1800 6409 11905 751 2775 2857 3420 4064 12720 4230 10887 851 3279 5912 15327 1175 2828 6155 1017 4090 8027 11272 1743 5718
1438 2786 3902 1109 81 227 418 981 6726
1509 65 220 230 233 288 333 377 540 1043 1406 1866 3373 498
1875 195 204 217 618 984 1375 1957 4118 4385 4922 6298 6772 59 154 159 163 599 712 714 735 2059 2523 3208 3373 3740 3741 306 429 486 632 1048 207 215 1389 1481 1966 186 615 4153 418 763 1189 4103 233 10613 403 1383 3890 230 697 1055 3815 4201 40 222 602 1242 3714 10615 53 65 609 2265 3106 3258 5480 5553 13624 423 757 1983 3057 3084 14645 12201 378 2716 453 620 11236 11955 3110 3753 7183 13688 4444 6247 6853 12726 1378 1854
1881 51 55 71 73 77 154 155 180 182 184 187 291 316 459 511 619 889 900 975 1008 1079 1505 1800 1889 1983 3104 3391 3763 4113 4304 5000 6949 7142 7821 8069 12357 905 2022 82
1899 1098 378 961 291 517 81 1243
1919 207 210 1520 2131 2133 3767 14359 225 228 425 428 1515 2271 2524 13425 424 5030 1988 7190 208 5429 12165 1090 6222 1048 969
1950 1412 498 501 59 166 210 436 441 504 512 542 802 854 5153 9404 173 233 429 450 489 497 614 1044 1073 1645 2121 6539 221 425 862 67 3719 378 875 1104 1377 3739 81 298 427 430 488 1714 1859 2446 2956 3129 3398 3744 4308 4732 5414 5429 6680 9467 5925 1062 3333 5027 10214 18087 238 423 972 1971 2020 4618 8676 2435 5544 65 858 3797 603
1952 6423 1775 5441 1755 227
64 1844 12137 15391 4609 1829 1156 2560 1821
126 182 333 455 982 1470
211 230 537 6086 7268 155 190 1061 1713 8790 233 533 72 880 30 2602 511
217 197 198 202 217 222 225 229 230 235 608 629 858 962 989 1159 1206 1248 1510 1513 1687 1826 1878 1901 2121 2271 2343 2375 2407 2415 2416 2424 2484 2488 2627 2716 2823 3298 3400 3443 4027 4723 4810 4863 5169 5180 5412 5414 5417 5503 5876 6295 6724 6764 7407 7625 7904 8510 8871 9487 10524 11737 12165 14052 15688 17306 1176 2475 2493 2624 3505 4077 7081 9716 1650 1718 1807 1817 1891 7076 9467 10522 12548 36 90 425 509 573 631 709 732 841 854 917 918 1066 1104 1109 1203 1229 1344 1360 1369 1504 1527 1783 1814 2014 2026 2281 2372 2402 2473 2487 2491 2542 3011 3216 3333 3351 3354 3430 3444 3508 3531 3551 3556 3558 3564 3694 3744 4081 4083 4273 5603 5670 5672 5894 6542 7331 7357 7699 7700 7814 7938 8945 9242 9457 9458 9468 10620 10672 11087 11186 11464 12359 13317 14669 3242 6159 7 8 15 209 870 875 928 1083 1366 1534 1535 1914 1992 2341 2369 2478 3431 3432 3445 3663 4359 4724 4875 6257 6461 10402 13621 14019 175 898 1150 1253 1994 2964 3501 3686 4610 5186 5818 6677 9919 10026 10977 682 1590 5153 7449 6374 743 842 6160 16862
714 16 17 18 30 32 51 64 72 98 159 167 222 229 233 434 441 487 601 629 864 875 876 878 997 1062 1073 1162 1295 1296 1534 1738 1895 1897 2277 2424 2681 2783 3198 3292 3438 3768 4069 4385 4435 4720 4732 5113 5581 5586 6146 6256 6790 7078 7186 7406 8291 9141 9862 11253 11518 12002 14712 450 5079 6391 785 7759 757 1213 1335 3411 1066 1292 3694 3259
794 215 227 706 707 735 959 1249 1358 1372 1412 2347
873 295 289 310 257 292 299
908 518 930 3197 3637 5079 5670 10977 2967 3244 3429 4265 5459 9 1145 1300 3184 4691 5421 10973 944 843 955 36
1308 157 257 523 907 289 299 2523 295 4915 292
1340 222 2227 805 917 1974 2343 4821 5688 7423 3444 1610 1128 1528 2493 2637 3364 8945 920 5636 964 5306 233 1110 4188 11032 966
1464 173 2668 81 1118 1700 4225 5444 234 2526 19 1795 3053 2605
1639 1580 71 412 1243 1689 3763 221 481 517 923 6282 65 176 198 447 707 1339 1358 1686 2341 2342 3774 3871 7725 311 951 1076 2454 3460 7 230 380 918 967 1372 5216 155 403 536 956 978 1047 1378 4434 4985 15482 835 949 2023 3429 3470 4180 5105 299 2055 2440 7054 318 540 735 979 1351 1797 2569 2625 192 220 371 1043 1186 1866 12482 163 55 90 161 300 329 386 917 989 1475 2247 2343 2498 3947 3982 4319 5157 5767 6346 6626 8910 15532 314 328 462 535 545 644 798 972 2179 5257 17326 701 2624 12303 227 306 349 570 1244 1449 3491 7937 8545 2265 13879 4620 6505 9858 8763 189 251 258 405 479 711 1892 2786 3635 3713 4069 5770 17075 1464 732 928 6959 8794 180 2127 2424 2857 6728 975 6714 11480
1699 6133 475 680 157 329 360 378 1874 3316 2252 2247 2179 661 288 6618
1778 65 190 207 221 298 851 7323 182 210 220 237 1375 1515 5444 222 195 1090 154 424 430 432 443 716 1048 1377 2815 8418
1920 67 209 481 540 1047 17516 2841 4850 1179 498 687 2130 486 199 604 683 1810 2661
2016 81 1098 2469 4153 18229 1609 1781 3863 58 981 2711 4316 4852 5180 5184 5186 5475 5478 7058 7810 7821 10172 15671 16324 16745 18237 18587 1226 3121 1801 13972 16124 5182
60 173 238 1423 1729 9336 11712 12703 154 159 1732 7686 416 2605 7456
111 603 779 1229 1541 6830 233 759 769 780 813 850 1253 1752 2811 6843 407 2379 2817 3805 4173 6133 7512 763 818 6048 11625 22 10 24 210 432 716 735 969 1191 1203 2747 2820 3817 3827 4228 11475 13010 991 1202 2810 5048 7018 107 2674 2829 207 533 1048 2815 173 225 1515 1516 4999 5030
453 441 3676 7071 8311 718 735
539 36 72 85 99 166 233 253 436 715 2444 8919 1099 9858
583 166 234 504 173 333 486 490 808 1044 1247 198 229 230 519 715 6249 498 961 1874 499 2738 2661 816 3928 162 492 768 2847 3817 1700 4346
679 289 55 794 1459 523 638 89 3948
683 1079 51 79 98 1799 2937 1083 5833 68 998 1886 1893 1895 5258 9253 1013 1897 599 5918 6065 2559 2562 99 995
743 1491 447 189 3660 5178 11139 376 701 1021 2498 3503 11085 299 498 787 2018 3557 3865 8371 190 204 212 221 418 459 868 898 1219 1415 1469 1632 2060 2075 4118 5890 6459 7256 7414 11084 71 161 207 210 380 427 428 429 533 716 1090 1512 1515 1988 2128 2440 2614 3063 5001 7187 7777 10327 11179 12668 14240 63 65 166 184 227 757 877 907 967 985 1001 1163 1381 1385 3258 3302 3468 3612 3676 4435 4915 5439 7927 8853 8992 18606 226 371 618 961 1031 1126 1652 1795 2941 3158 6454 7197 8283 8504 12071 13645 7211 8264 11796 1002 1122 2343 2556 4880 5123 5929 6006 7054 13688 229 374 2094 2407 4980 7206 7227 12787 1919 1933 3871 89 195 1717 2102 6452 1015 11579 362 489 857 1244 1470 2044 3196 9338 12726 472 4817 1009 1505 2775 3117 3501 683 1406 1875 2973 3057 3693 7644 703 5784 349 622 641 396 727 292 328 1181 2506 3427 3674 6247 2091 2092 2607 6505 8047 8392 11765 468 344 199
961 210 3057 3616 4114 6600
962 1117 163 2853 3481 206 212 1804 4790 1113 5297 11439 2127 1139
1160 209 220 498 540 1046 1180 2430 2850 4828 6120
1271 96 163 192 212 227 554 562 563 575 576 607 721 733 735 1109 1150 1242 1244 1415 1469 1639 1708 1709 2031 2127 2265 2857 2893 2899 3019 3230 3458 3987 3993 4251 4495 4620 5257 5434 5844 6161 7096 7800 7935 8546 8559 8806 9427 9647 10041 10133 10142 11769 11784 12623 12752 13000 17648 18117 1743 8564 10754 7248 6181 599 615 961 1083 1833 1976 3466 4115 4782 622 151 584 585 594 597 986 1160 1225 1426 1715 1802 1837 2475 3012 5436 6458 7256 8558 8853 8936 9424 9478 10130 10626 10748 11487 13171 14378 17211 389 625 1848 2292 2419 2638 3003 5787 8837 14147 1717 9352 1123 7929 10027 12599 15034 910 5447 7352 11650 1175 11736
1277 65 220 230 366 377 412 424 439 453 472 533 614 708 982 1044 1047 1116 1378 1873 3097 3614 4115 4179 5217 5226 6231 7321 10677 1249 1377 3427 3754 3758 9193 342 924 2449 6472 2082 2983 3489 217 359 364 538 728 1652 1181 3375 234 5444 6120 227 1239 1246 899 1767 229 355 537 2607 3084 4468 8262 190 7318 8479 222 536 3258 8710 498 418 3373 1043 13688 182 1502 618 1874 3105 10625 540 2137
1774 16 39 44 233 453 493 503 512 615 622 720 840 864 870 955 1091 1206 1275 1277 1645 1650 1874 1931 2369 2961 2967 3239 3240 3242 3290 3416 3432 3558 4135 4184 4188 4691 4872 4985 5718 6461 6659 7404 7639 9146 9242 10864 10973 10977 12668 14286 17 41 195 1299 4171 1863 522 10794 1100 3195 8445 8689 631
1958 2407 4725 5027 59 96 154 163 167 193 199 225 233 234 298 329 418 429 431 433 554 562 603 709 843 863 868 898 985 989 999 1017 1019 1062 1083 1097 1099 1103 1131 1249 1412 1504 1803 1807 1883 1885 1886 1890 1895 2277 2289 2343 2405 2424 2531 2535 2571 2616 2861 3011 3200 3279 3333 3739 4384 4389 4493 4495 4795 5048 5257 5414 5452 5550 5785 5929 6374 6458 7325 8594 9299 11913 15457 17887 53 67 159 424 425 612 735 903 907 1006 1090 1110 1513 1899 2938 3258 3767 4807 9426 12165 72 91 95 100 187 434 997 1122 1826 1891 2029 2552 2554 2937 3768 6376 15744 98 441 618 1013 4494 15637 2480 2629 3293
2068 1684 80 340 535 891 1685 2436 2546 3186 4531 11416 11455 1590 3672 1034 4802 674 930 3570 10677 3367 417 3184 63 294 301 310 320 329 2047 2083 2102 15038 1390 288 532 646 2548 311 234 154 289
2069 486 2523 233 500 3753 1672 1044 7449 1034 3302 288 1094 1632 2346 6453 65 1180 3081 5079 292 889 1045 2526 5772 362 718 12357 302 562 15532 172 204 227 355 701 1505 2785 316 708 6298 215 378 190 507 3558 97 1182
90 4136 7140 9433 2676 190 511 1242 1418 2422 3581 5255 1800 257 562 2044 2467 3466 3606 3877 5446 7248 12599 707 728 735 868 892 1892 2436 2442 3070 3308 3602 4369 12752 14509 17157 172 386 979 1004 1046 1244 1415 3065 4434 5172 9417 96 159 268 291 750 1122 2047 2440 3778 4031 4543 6504 9427 9478 15027 15391 344 356 857 967 986 2454 3987 4705 8803 8991 18408 982 1412 2050 3201 3230 4780 8763 15249 15482 180 601 945 969 1491 1889 2419 3281 8313 16340 187 734 1878 1985 2453 2468 2893 3603 5452 12129 8806 2347 2459 8314 687 209 2027 3097 65 403 1459 3621 5257 8546 2404 4520 8594 533 1081 2059 2437 2443 3460 8743 157 1883 2439 173 862 1478 1489 2552 3465 10630 192 2458 3763 9348 15527 712 2570 5249 207 567 730 951 1469 3482 18117 3605 4123 6755 1447 2567 6140 614 13013 2922 3461 3584 322 3859 10142 1797 2469 12141 220 251 265 2031 2937 3497 7142 184 389 6726 300 963 1119 2128 8998 12137 3171 51 77 99 310 360 481 493 536 538 630 701 718 997 1000 1160 1225 1230 1460 1475 1620 1772 1834 2023 2183 2544 2554 2556 2565 3302 3503 3768 4180 4351 5261 5264 5549 5767 5787 6459 6784 7625 7935 8372 11085 12918 17437 17490 18439 69 103 294 364 366 518 607 610 621 683 737 996 1083 1123 1175 1189 1249 1375 1381 1384 1427 1743 1795 1824 2040 2051 2352 2462 2571 2834 3071 3078 3585 3791 3982 4069 4126 4361 4494 4545 5124 5267 6602 7929 8027 8558 8559 8802 9689 10638 11336 11455 11602 12623 14685 15315 17644 18363 253 985 1076 2265 3313 4785 5258 6458 8153 46 161 726 975 3889 5731 489 689 834 1079 1377 2638 1239 2346
241 504 854 370 883 1931 503 710 841 1803 5526
460 6046 10583 3827 1872 53 418 603 726 755 1098 1423 1700 1736 3019 3886 7382 12006 16124 8716
541 152 159 163 212 230 614 706 715 718 733 868 917 1244 1425 1513 1643 1884 1974 2006 2855 2869 3774 4051 4790 5172 5175 5416 7800 7802 9543 7 52 65 70 154 166 171 183 186 202 220 227 234 250 377 383 436 453 472 489 511 512 533 562 607 610 612 617 683 707 712 714 735 751 854 860 864 924 959 965 975 982 1099 1103 1104 1110 1119 1122 1369 1383 1384 1411 1412 1413 1414 1504 1639 1681 1768 1775 1804 1806 1873 2352 2624 2742 2783 2786 2787 2789 2834 2899 2938 3011 3298 3308 3458 3460 3464 3475 3763 3781 4087 4179 4680 4818 5072 5074 5119 5226 5446 5901 6257 6950 7725 7927 8671 9346 9862 10412 13123 14459 15989 245 316 378 554 599 734 1098 1372 2265 2637 2639 2842 3382 7352 8479 705 2871 4793 1422 5844 13939 226 903 1242 3070 5296 5432 7792 221 858 1375 3938 88 441 857 964 1131 1415 1778 1878 1958 2853 3230 3421 3481 4124 4620 990 4251 4675 4784 5441 6165 6541 81 728 863 1116 1249 3391 3745 3946 5257 6193 8111 198 206 215 418 439 510 856 1090 1400 2638 2861 3563 5301 5789 7152 430 777 5420 8262 11918 13000 592 613 932 2419 2475 2894 2901 3620 3776 4369 4538 5434 9699 14378 565 859 1700 1985 2031 2446 2525 3272 4126 7248 7791 7929 8122 17211 1109 1416 1813 6724 7057 8309 578 1510 5302 8108 12201 15586 238 2493 6362 197 157 6570 1767 3313 4801 15481 5297 4545
545 7 154 173 184 189 190 198 209 230 288 292 295 310 329 333 371 377 378 405 475 481 490 500 504 507 510 517 518 537 540 786 798 818 907 930 966 1145 1179 1186 1200 1243 1246 1339 1375 1378 1406 1601 1852 1854 1855 1859 2014 2179 2380 3563 3927 3929 5000 5939 6247 7947 10737 25 328 492 503 726 1044 1595 2789 2794 2919 4821 6191 6626 7639 10310 55 204 220 221 301 311 320 331 403 455 459 468 536 701 707 892 909 923 1091 1457 3489 3833 14459 161 289 386 412 488 498 1043 1182 1596 1673 1689 1787 1866 2379 2526 3316 3367 3373 3856 4069 4434 6127 7448 10677 15038 71 181 191 291 314 327 340 467 499 538 680 898 906 972 1181 2598 2941 3464 3557 3871 4177 5065 5480 5767 9765 11236 11244 17516 65 67 182 294 296 309 325 408 472 891 961 1377 1384 1392 1684 2019 2022 2506 2661 3460 3466 5313 6453 7187 176 265 293 474 497 903 1249 1672 2840 2956 3497 3859 4223 217 376 489 641 811 1863 3928 4257 7290 7775 11796 166 185 300 302 306 349 460 486 674 808 863 899 959 1197 1247 1372 1470 1925 2544 2546 3078 3756 3763 4170 4179 4971 6006 6376 10864 172 229 316 318 463 465 962 1383 1797 2823 3375 6387 9193 208 227 285 298 461 716 2121 3079 7183 8069 8364 233 354 432 471 484 496 527 533 545 913 1021 1047 1131 1242 1380 1444 1451 1453 1974 2352 2843 3097 3427 3946 4385 4435 6454 7321 7725 7766 52 207 312 321 355 456 491 493 620 851 1046 1089 1189 1381 1459 1515 1590 1874 1905 1985 3749 4262 5784 8047 14359 89 476 1475 1790 3769 2498 3084 13645 40 464 1052 3753 4113 4382 5217 9907 307 1090 2524 514 3171 7318 7777 290 886 3255 6249 5553 8356
659 55 289 292 360 454 465 523 1988 5767 7391 67 318 340 891 951 1459 154 316 456 322 455 459 467 479 787 909 1432 1596 2498 3570 646 1601 4915 283 293 299 543 2984 14240 97 375
698 63 151 184 241 265 289 291 301 309 310 340 349 378 389 523 543 715 727 913 1098 1243 1247 1705 1834 1941 2051 2179 3067 7256 9369 10133 889 2044 1114 2047 70 518 294 302 1457 1700 279 295 2040
792 209 378 2062 3333 45 1672 500 3088 230 1186
940 59 154 190 203 212 227 428 429 441 533 554 562 599 609 620 630 733 735 851 1089 1384 1412 1414 1416 1515 1732 2131 2537 2614 2938 3676 4541 4742 5418 7525 10080 11230 11234
1003 51 85 155 187 258 331 576 601 903 1899 1941 3303 3948 4351 5000 8820 9826 9861 9907 11849 12817 15544 15751 278 511 1001 2031 3302 6743 9348 1820 1821 1828 1829 1834 2183 8998 159 567 575 735 1846 2463 2853 2893 3465 5844 167 191 268 971 2343 3576 3987 4130 7068 9969 289 3960 3980 12352 15533 18288 18606 55 76 77 82 95 157 180 257 959 961 1099 1160 1249 1413 1696 2606 2698 3201 3298 3477 4043 4883 4915 5503 6504 6564 6714 6737 7248 8991 12351 17008 17437 18391 63 67 251 619 852 917 992 1002 1005 1076 1220 1414 2571 3104 3313 3889 4125 7138 8367 10626 17331 17424 17702
1009 190 209 229 377 378 424 481 486 493 497 501 536 540 966 969 1048 1075 1090 1246 1381 3400
1060 152 154 163 188 190 192 198 206 207 210 217 220 226 227 250 331 380 412 418 433 475 599 619 706 815 868 881 920 944 959 975 979 1073 1110 1112 1118 1121 1130 1131 1132 1216 1231 1239 1406 1426 1610 1614 1632 1636 1797 1958 1974 1998 2362 2574 2637 2661 2823 3003 3475 3616 3707 4356 4826 5447 5605 6046 6182 6225 7329 8479 13087 56 610 613 632 810 964 1098 1369 2247 2273 2292 6159 53 81 233 3732 7054 14878 769 1116 1226 2579 2828 2893 5073 5348 5972 6830 9353 162 436 494 605 1195 1412 2572 5966 2083 6226 429 3132 159 225 424 3258 3718 13339 4074 1943 1418 2771 3817 8929 288 1631 3030 4108 13375 2668
1118 758 811 814 1861 4225 6843 190 200 770 81 460 779 2383 9761 2820
1188 1424 207 2024 3200 984 1983
1224 735 2842 5660 7039 580 728 1639 2894 8114 13269 2786
1259 486 517 1672 1854 1914 2664 2794 3097 8042 173 209 481 503 536 537 918 930 1116 2352 3758 3859 6249 501 966 45 1044 472 500 10681
1458 333 161 235 290 291 292 299 311 322 456 465 486 913 1021 1241 2984 3376 3575
1879 230 418 614 707 728 854 959 1131 4031 4179 11477 17326 152 163 198 207 220 226 227 229 233 378 440 610 715 716 730 843 964 1090 1099 1104 1118 1119 1186 1216 1239 1369 1394 1412 1418 1701 2347 2558 3237 3417 3481 3549 3940 4316 4570 6257 65 154 173 188 203 238 250 278 436 511 512 517 533 617 709 748 751 881 1098 1214 1249 1413 1873 1980 2380 2624 3238 3722 4852 5423 6287 8068 10519 18137 18530 53 228 506 576 920 969 986 1274 1384 2638 3691 6830 7695 10672 1622 8722 266 245 1789 785 1112 1116 1120 1121 1130 1351 5982 7111 7119 12918 2609 7423 4574
1968 2789 1119 6257 198 710 724 2791 868 1974 5105 614 2919 856 922
2013 190 182 229 207 221 3462
9 209 229 370 375 377 379 390 396 397 403 490 504 517 920 955 1131 1194 1378 1475 1519 1874 1923 2050 2051 2102 2369 2544 2941 3427 3429 3563 4332 4342 5073 6730 11049 3351 1933 493 221 258 371 374 376 405 481 486 488 518 701 966 1126 1375 1602 1795 1814 1901 2457 2546 3302 3929 3946 4179 4980 5731 8
59 7 520 726 233 707 1710 6252 1072 1700 1704 733 1098 72 67 841 1703 4143 1118 1711 5073 930 1104 1713 2014 238 1534 517 1372 5074 36 81 2742 4126 1131 1274 504 1358 190 377 1701 3411 5215 5806 486 1729 1418
264 32 51 55 56 59 63 64 65 67 71 72 75 77 82 85 95 96 99 100 151 152 153 154 157 159 173 175 176 180 182 186 187 192 193 215 217 220 227 229 253 258 268 285 291 366 389 405 486 511 599 601 716 722 730 735 877 889 945 959 985 991 993 994 996 997 998 999 1001 1002 1003 1004 1005 1006 1008 1009 1013 1014 1019 1027 1031 1062 1067 1072 1076 1079 1243 1375 1385 1399 1464 1713 1820 1878 1883 1891 1892 1895 2027 2031 2183 2347 2552 2554 2558 2559 2567 2571 2632 2787 2861 2935 2936 3067 3264 3272 3281 3302 3427 3466 3503 3675 3768 3918 3966 4024 4118 4130 4180 4493 4732 4880 4915 4975 4978 4988 5123 5124 5452 5480 5550 6064 6070 6547 6698 6708 6714 6736 6760 6778 7068 7157 7194 7927 8743 8853 9338 9869 9969 9992 10961 11336 12351 12817 15795 17281 17730 66 93 166 228 501 1073 1941 1983 3280 3488 7007 7187 7929 8789 9987 91 1097 1296 12787 69 155 900 968 1000 1007 1015 1016 1023 1024 1026 1029 1081 1122 1255 1306 1795 2044 2054 2075 2469 2934 3863 4036 4993 8497 9234 13339 15532 15920 17646 18647 2 18 70 81 174 529 981 1018 1244 1293 1294 1885 2041 2149 3119 3156 3171 3255 3266 3413 3502 3987 4126 4308 4317 4600 5072 5181 5358 5507 5522 6222 6585 6742 6930 7344 7352 7821 8781 8802 10625 10627 10918 11193 13393 15544 17825 18297 84 1155 1709 2668 3070 4706 5073 5360 5432 49 1061 1305 1332 1405 7054 17340 18330 1460 515 1470 1829 2562 3303 4991 10402 1292 1303 3674 1475 2458 3875 261 9822
266 1405 182 533 1384 154 203 221 229 65 733 857 959 8232 8806
316 72 198 489 517 707 770 1044 1104 1145 4457 3032
458 67 295 511 959 1099 1580 4124 5966 486 1001 187 544 724 190 493 707
544 806 831 955 1189 1385 1533 3429 3806 4137 6159 8672 826 1339 1563 2763 4135 4171 4273 5459 8277 8462 917 3027 11817 537 15053 1381 8479 691 1369 3206 8582 56 533 618 1035 1038 1073 1674 1986 2398 3068 3273 3420 6594 6615 6687 10248 13375 14846 30 744 1099 1295 1721 1747 1965 2422 3293 3686 3700 4049 4622 6762 7481 11589 14768 6582 6756 2576 3411 3884 1085 1098 2542 3890 5698 6414 707 4728 608 755 1470 1905 2407 2775 6570 7895 8831 9336 9672 11053 471 498 687 720 1043 1046 1193 1201 1689 1739 2062 2402 2661 3341 4228 4385 5313 5799 5927 6294 6453 6558 6769 7776 9485 11272 14301 14363 1083 1700 2938 3694 4117 4756 5950 6169 9487 11826 12220 13397 13888 7318 8504 4211 7810 324 1398 235 419 441 470 599 602 615 757 898 980 1103 1198 1358 1396 1412 1527 1632 1659 1663 1958 2370 2601 2723 2788 2834 3033 3200 3427 3705 3730 3738 3769 4092 4735 4971 5105 5257 6852 7076 7515 7885 7887 8210 8589 13010 13672 14930 15795 17895 8027 446 526 1408 1409 1481 1485 2535 2818 4028 4387 5547 5972 6303 15171 15527 216 548 690 1106 3030 14299 76 84 207 223 451 532 622 689 852 866 1075 1213 1400 1405 1504 1954 1966 2134 2530 2533 2538 2572 2608 3043 3259 3277 3279 3281 3299 3706 3707 4022 4058 4090 4108 4389 4704 4821 5233 5412 5414 5480 6182 6227 6295 6296 6382 6785 6823 6913 7071 7324 7327 8215 8676 8701 10756 10847 11215 11739 13147 13664 16055 59 64 193 450 612 703 859 861 867 871 875 985 997 998 1013 1017 1376 1534 1878 1881 1883 1896 1957 2037 2137 2481 3026 3292 3431 3441 3447 3450 3451 3689 3767 5299 5912 5913 5918 5925 5929 7343 8678 8680 9338 10385 10848 11285 12724 15641 383 436 501 882 1179 1836 1888 2030 2043 3398 4189 5260 6146 6780 8705 9865 13151 1964 2480 3164 3440 3781 5423 6032 6824 7407 9457 10214 54 2610 5182 5184 5197 6930 7821 10172 10738 14184 18555 11423 11812 236 11421 427 428 443 716 886 1514 1517 1988 2591 3203 3797 5428 5429 5911 6223 7180 7187 7323 7663 7743 12720 208 1947 2139 2541 12753 15172 1379 5001 8674 10618 10720 2488 8832
686 32 58 64 72 91 173 190 233 418 486 1098 1295 1713 3191 3988 4312 1019 1001 1378 49 959 11518 965 1123 1851 10213 18408 526 532 1066 1609 1983 1990 2935 3502 3551 4308 4704 5480 5670 6542 6548 8068 9141 4031 215 4313
812 839 1551 962 1672 1979 2247 3236 3717 4163 6282 8371 377 507 768 805 15053 846 72 486 816 818 825 1185 1196 1563 2383 2429 2956 3621 5065 5969 6429 7054 16595 45 166 191 209 292 378 386 389 493 496 504 701 707 754 757 785 812 835 842 920 951 956 1100 1182 1214 1432 1440 1475 1521 1673 1854 1931 2044 2075 2132 2150 2151 2172 2206 2390 2394 2395 2574 2579 2796 2940 2944 2955 2959 2967 3239 3549 3637 3798 3865 3997 4021 4326 4457 4497 4934 5100 5101 5108 5215 6133 6505 6506 6522 6539 6772 7239 7321 7533 8259 8277 8497 9183 9242 9523 9716 10095 10309 10310 10525 10864 13339 14692 15055 15482 17296 17953 18530 18606 157 187 815 1076 1131 1242 1809 1858 2586 2643 2850 3067 4170 4356 4944 7419 7423 823 3985 1306 1595 3308 9987 1358 2210 3063 1550 1035 2204 2621 5067 5143
822 88 227 617 1614 1620 1636 8929 10395 4779
836 265 4920 292 161 5746 1053 157 257 262 299 301 1475 3672 55 689 3500
927 3737 7 84 198 222 226 228 231 233 377 383 403 425 432 453 493 494 496 497 509 517 768 806 841 843 845 898 1044 1046 1097 1098 1118 1179 1180 1181 1398 1408 1540 1555 1620 1672 2014 2062 2083 2252 2369 2379 2580 2600 2744 2775 2835 2850 2921 3027 3328 3440 3717 3902 4025 4218 4375 4779 5423 5653 5969 6225 6391 7419 7423 7775 8462 8884 9960 10309 324 431 805 808 1520 1547 1701 1858 2151 2535 2723 3729 4189 4191 4346 4833 5065 5101 6247 6294 6902 10955 486 501 815 818 864 1100 1119 1568 2574 2840 3718 4720 5108 6014 6130 6287 7331 8350 9761 11518 17953 503 6382 6594 769 923 2206
936 2681 4024 8510 10518 17819 2149 6582 11205 2673 603 616 748 1745 1969 2146 2667 2668 2695 3132 10516 107 744 1222 1943 2674 4853 7693 17294 2688 9141 11200 5360 174 772 2671 2672 2669 7493
1209 51 59 67 187 250 877 889 1013 1018 1073 1081 1090 1899 1925 2490 2625 3110 3466 6732 6780 6883 7069 7076 9826 13156 962 993 1464 2559 3053 3057 4036 4043 4616 13126 15771 17887 68 71 91 99 172 429 434 474 511 701 857 1014 1076 1083 1230 1414 1786 1814 1844 1879 1893 1895 1896 2562 3071 4257 5254 6777 6782 7343 7880 7927 8998 10129 10142 11933 13151 13171 55 56 176 180 447 862 972 998 1001 1003 1739 1884 2027 2893 4880 6586 6742 7329 7346 9598 11602 12817 18297 307 378 534 572 900 987 1098 1427 1469 1901 2465 2571 2938 3015 3938 4363 5629 5770 5812 5917 6065 8763 12725 15249 15481 69 75 227 683 750 1019 1383 1413 1416 1810 1820 2029 2531 2554 2556 2936 2937 3635 3888 3920 5124 5261 6362 6737 7068 7148 7347 9822 10715 13900 15584 72 183 441 874 986 997 999 1017 1122 1154 1795 1882 1900 2031 2043 2648 3201 3876 3987 5785 6743 7187 9969 14712 16860 64 994 1005 1048 1424 2424 2567 2629 3436 4494 6790 8367 10626 11285 11725 15391 85 245 444 576 599 732 735 1006 1412 1891 4975 15544 159 192 292 311 1052 1360 1394 2444 2552 3019 3302 4993 5264 8668 9322 11974 12482 12994 166 733 959 1079 1377 1886 1897 2469 4211 4541 4710 6069 7725 12351 182 562 575 1002 1534 1828 1885 2175 2558 3104 3768 4069 4543 5260 5480 5913 6064 6556 7345 8549 8555 8806 8995 9338 9865 716 5848 6778 3109 3481 5452 5767 359 455 1804 4707 1051 12129
1282 3300 72 225 238 1075 3502 3109 157 89 5150
1283 289 680 908 1684 1685 184 305 318 326 461 498 523 525 543 786 1243 1459 1470 1590 3769 291 1381 2801 292 701 191 288 321 646 1432 3461 8371 217 311 344 294 1054 1186 1398 3460 3497 4435 7268 55 89 230 293 333 403 534 681 906 982 2346 3316 4260 4292 5439 7448 8364 325 349 471 546 1589 2841 161 300 465 538 787 1475 2395 190 220 320 912 951 1505 1941 3400 3892 97 182 183 223 229 302 306 309 386 716 793 991 1090 2462 3063 3106 3193 3307 7327 8372 298 316 602 911 5972 8555 1384 1556 3067 3488 65 360 377 455 475 889 2019 2440 2523 12893 172 355 545 975 1043 5249 7183 157 324 972 3978 167 221 265 464 1620 2544 3468 3871 7077 1449 3982 4817 295 4562 126 204 228 307 342 371 420 463 488 682 683 686 697 891 892 899 1246 1375 1377 1378 1440 2392 2607 3057 3079 3306 3557 3753 5099 5266 6006 6231 6693 7194 10677 11236 304 362 456 526 689 1383 1400 1874 2020 3739 8356 14240 458 679
1403 207 229 291 430 768 903 982 1047 1201 7187 2179
1592 4826 6249 176 226 510 533 706 707 840 952 1104 1338 1672 2343 2344 2347 2787 2794 2936 4165 5169
1804 486 533 537 708 1672 1681 2080 3461 6120
2010 182 190 2128 2652 196 200 1246 1512 2330 229 253 439 5790 152 537 707 9485 716 226 1714 2039 7642
2017 56 424 432 757 969 1191 1394 2083 6374 546 1396 1408 9766 84 1400 3200 1099 1398 1405 5934 2818 1098 1401
137 1098 167 256 298 2024 285 67 1135 1718 525 70 246 1673
162 455 457 469 2021 498 289
334 207 1520 5784 225 1244
440 418 441 1155 1378 2535 6295 10385 440 624 1122 1957 2531 2815 3691 6906 6910 11423 11812 331 606 1504 4833 223 1633 3341 6294 3693
649 2009 503 1854 812 2794 4971 5673 982 808 2172
824 208 227 236 436 2902 3466 4118 4622 962 1239 1405 1804 3258 7190 7533 735 1416
909 295 67 209 289 306 310 329 486 536 1246 1860 2179 332 324 190 292 378 1613 2526 3367 3767 198 540 1104 173 293 377 1714 488
1404 581 3266 212 219 238 1958 562 630 4538
1423 55 289 299 306 311 318 320 325 326 333 456 479 523 534 646 913 1047 1247 1459 1604 2050 2841 3859 5767 7290 191 209 321 324 331 378 386 498 536 716 903 975 1402 1874 2614 2923 3373 3575 4385 6429 6505 11085 11395 13645 475 1043 1246 2226 2521 2546 2783 3320 3749 17612 67 157 161 239 257 285 288 290 294 295 296 301 309 310 314 322 327 329 332 349 468 474 476 484 525 543 545 907 1444 1507 1602 2067 2222 3080 3193 4617 6308 7340 8718 9183 10608 15744 190 292 293 908 154 330 638 972 1098 1673 1937 2019 304 317 374 377 792 65 89 267 300 674 4292 4817 1052 1451 344 405 1935 641 1580 229 297 2607 681 291 486 511 540 915 966 1596 3171 6693 279 355 2462 1377 3856 4257 8072 482 3557 7318 1440
1560 3231 67 3080 8364 230 622 288 292 3317 7340 306 340 889 1464 300 289 304
1572 288 289 292 296 299 325 333 378 908 1580 1673 1684 7391 1021 285 465 3397
1712 436 614 854 856 860 1131 1812 9344 965 982 1873 9818
1824 154 163 171 176 190 195 199 206 211 217 219 222 227 366 425 428 463 533 554 562 602 607 609 615 618 622 728 735 840 859 863 868 964 969 1160 1242 1369 1372 1412 1414 1415 1416 1504 1632 1639 1947 1958 1988 2277 2606 2614 2842 2855 2899 2901 3258 3400 4079 4115 4118 4251 4821 5549 5926 8111 10681 11549 15994 629 1976 2600 2786 8479 17055 418 1090 6048 7056 624 4114 8546 2121 565 580 581 582 583 2873 2894 5659 5660 5665 8114 8123 8126 8808 13123 15749
1848 5030 427 716 3488 5478 10535 14301 8418 13879 7076
1907 875 2668 3502 15457 56 4022 154 1787 5173 1965 15880 95 11638 1844 2681 5181 9861 7814 67 578 8781 1061 1156 6585 7079 2673 157 192 340 1098 53 1801 5833 238 703 748 1827 1832 1845 5803 15037 627 987 12351 3992 7694 1752 17528 1829 3721 237 3426 17515 17516
2003 26 107 592 867 1075 1150 1292 1299 1332 1731 1800 2531 2667 2775 3417 3536 4949 5581 5709 6048 6760 9672 15880 4117 5890 10213 2673 27 32 81 632 744 755 1097 1203 1253 2030 2166 2481 3280 3520 3884 4108 5073 5475 6582 6722 1743 3109 4316 53 64 1222 2671 3411 11652 697 1117 2691 15037 1745 1376 2161 4734
25 67 155 192 289 292 294 329 350 455 786 906 349 354 476 531 800 911 5000 157 325 295 352
143 187 584 750 987 1825 3426 3462 3778 7054 8806 10394 13013 18408 18439 576 6522 1112 1121 1123 2047 5982 7119 8844 13910 16333 17766 2391 2444 192 572
154 15 25 378 707 830 930 953 1044
273 378 499 813 815 830 1540 1853 930 1541 527 2922 3316 8 761 5069 5071 1705
355 171 488 503 1511 1852 1854 1858 6231 6006 679 1109
388 453 583 1652 2834 6460 8042 15481 7 55 71 86 88 157 161 183 187 192 193 198 206 230 234 235 238 265 271 276 278 288 289 291 292 295 301 311 316 318 320 330 333 360 377 378 455 462 463 468 472 474 475 491 499 500 516 535 536 578 614 701 712 777 794 830 868 899 900 909 913 959 966 967 975 978 1099 1114 1116 1179 1200 1242 1249 1402 1406 1412 1415 1427 1460 1505 1596 1601 1645 1672 1686 1810 1854 1870 1884 1901 1974 2009 2014 2179 2220 2546 2627 2851 2853 2902 2919 2923 2944 3104 3281 3355 3400 3443 3475 3477 3557 4189 4218 4351 4495 4883 5048 5073 5123 5216 5313 5988 6391 6453 7248 7625 7650 8184 8367 8422 8781 8790 9765 10526 10859 11065 11080 11185 11336 12352 12357 12482 12893 13879 14340 15038 16105 16498 16501 18647 18655 503 1263 1339 2614 4136 59 467 1604 2522 65 89 267 300 302 331 349 355 461 540 680 6363 228 706 718 910 3246 298 412 456 527 786 962 1118 1160 1470 1622 1705 1715 2544 2838 3019 3459 3667 4135 4531 5605 5767 6190 6390 11063 11974 17646 936 173 312 386 425 486 605 798 903 982 987 1081 1130 1244 1351 1394 1444 1709 1878 2346 2360 3008 3117 3476 3992 4705 4707 5440 5780 6714 7056 7533 14529 190 1710 8364 511 518 951 955 726 953
454 631 1203 3280 11826 14363 15671 27 36 93 233 747 864 867 1073 1156 1253 1707 1800 1900 1990 2030 2039 2470 2486 2668 3289 3508 3875 3886 4316 4928 5299 5358 5503 5803 6150 6581 11638 12515 13754 13972 16373 16746 17048 165 1265 66 407 592 910 1700 1705 1708 1781 1820 2026 2330 2446 2478 2558 3208 3213 4126 4920 4923 4927 5074 5256 5806 6181 6397 7148 7152 9404 11146 12288 12733 13397
565 36 53 64 72 81 159 182 187 190 238 298 857 887 997 998 1089 1155 1394 1513 2668 3768 4308 4382 8140 12165 16373
839 376 754 1857 1919 2623 9013 16230 408 45
999 2006 190 572 920 1998 2002 188 755 3901 2574
1021 53 65 70 72 88 154 159 163 171 173 190 198 199 203 206 210 220 225 227 230 234 238 424 429 436 562 599 706 707 709 711 712 728 733 735 857 859 868 975 982 1083 1090 1126 1242 1372 1406 1412 1513 1515 1804 1814 1974 2136 2347 2531 2742 2834 2901 3279 3635 5257 5417 7197 9423 14685 18655 228 5605 1824 58 951 2854 3386 5844 7152 10524 15391 15527 1160 1708 6556 9427 1426 157 718 1781 867 1463 8957 1099 197 8264 2346 12071
1024 10583 1090 198 754 1099 1714
1444 498 500 815 830 1180 1201 1672 2850 4826 768
1505 56 64 900 1155 1836 30 489
1545 1 4 59 154 166 172 178 225 441 504 518 576 859 962 967 1098 1231 1263 1504 2488 2600 2616 2786 4118 5079 5113 5745 5785 6137 6165 7260 9332 16 46 56 63 187 223 227 256 383 389 429 439 487 583 585 727 733 857 917 929 936 1121 1130 1339 1414 1427 1513 1534 1768 1814 2894 2938 4819 5306 5421 5550 7157 8837 9230 10656 11602 15641 199 424 604 716 840 903 1109 2398 3763 705 932 3901 1154
1604 2 10 487 1292 1300 1301 1534 4876 157 768 812 1009 1892 3980 9999 15533 959 3367 10082 89 172 310 722 1145 2785 6008 6193 15457 189 779 6819 173 174 190 1305 1320 2067 3798 4036 4949 11817 1410 288 807 1360 1379 5475 1079 4880 1062 968 19
1719 14324 4021 10672 7481 8136
1973 67 71 155 157 176 180 187 246 251 256 257 261 265 283 285 289 292 295 301 310 316 329 360 465 534 701 714 885 889 903 930 1081 1300 1505 1601 1775 1936 2523 3947 4915 1768 2022 3502 7 166 253 268 294 302 518 1098 3198 4978 311 476 680 3557 55 64 65 69 227 296 486 5745 51 72 77 97 99 159 163 184 192 212 234 333 429 439 542 562 705 706 707 708 712 724 728 733 734 786 868 905 922 959 993 1079 1114 1122 1124 1241 1249 1274 1372 1412 1415 1427 1556 1639 1681 1755 2343 3173 3302 3376 3741 4031 5550 6472 11579 15771 1771 2044 290 300 304 331 344 89 1104 1874 523 291 298 299 2094 1001 14240 641 479 2977
2099 1835 2605 3995 4117 4852 2668 4853 748 2811 3132 4863 7060 407 3019 6581 10519 6004 16745 17956 5191 2688 132 4108 6046 17294 2716 8232 6045 12868 1943 1969
70 377 497 517 1873 1974 1975 1981 1984
91 631 859 882 1083 2026 2470 2481 2493 3279 3443 3447 7076 7375
153 47 96 152 174 188 215 370 506 607 854 917 1131 1787 1790 1985 2003 2006 2151 2370 2964 3405 3417 3509 3621 3810 4143 4285 4605 4691 5173 5348 5522 6570 6576 7644 8420 162 769 1418 2828 3264 3940 3720
285 854 542 932 957 1390 1206
317 234 511 562 599 734 868 1412 1639 1804 2070 4541 5420 5617 1249 289 292 3739 6374 12357 157 159 220 707 917 1811 630 730 154 89 166 494 573 1103 1369 1372 1806 2039 2265 3230 3763 6298 67 72 163 212 230 333 735 857 874 959 1513 2176 2343 441 706 733 2624 1743 5844 728 1837 2786 2834 429 854 500 1244 859 1130 17766
364 61 162 211 421 440 441 602 748 1639 1737 1824 1835 1944 1949 3298 5418 5876 6830 7382 7411 11475 11905 439 444 604 608 609 683 715 755 1164 1709 1728 2542 2572 2771 3411 4058 4079 4230 4232 5549 5799 6217 6756 7686 8680 8866 11053 11712 14222 197 212 214 603 610 718 1764 1779 1783 2641 3280 3747 4083 5416 6409 7414 11898 14096 57 380 418 613 615 625 751 998 1134 1504 2265 3259 5659 9689 11477 81 159 433 438 624 1098 1150 1239 1755 2475 2606 2616 2632 2828 3205 3505 4087 5745 6137 7056 11652 12201 137 205 219 533 728 1609 1772 1954 2313 2441 2460 3617 3686 4077 4520 5446 6758 7147 9700 10110 10613 11812 52 173 190 238 416 562 1633 2422 3203 3279 6048 11631 1176 5441 2442 2463 2842 4543 5927 10005 1947 12723 6906 1422 8111 2346 2415 8026 1965 2624 4359 13672 2893 6140 7375 7456 2902 96 429 554 1703 5434 630 859 1414 4742 599 622 735 1103 1469 2127 2538 2899 4796 12220 13000 59 204 227 232 245 576 612 620 734 1213 1220 1412 1941 2490 2531 2633 4795 7076 8676 9598 10130 12495 13474 3781 1110 511 863 5150 1242
446 8689 51 72 1713 511
548 949 1214 1276 4265 16661 6 918 1710 3806 47 159 188 820 1259 1534 3438 3660 4268 4272 8668 841 947 1522 1531 4669 28 1521 2654 2765 3798 1131 1254 3509 4970 6493 13123
717 289 903 292 544 288
924 6376 157 239 241 257 295 306 312 314 327 329 485 907 1821 2393 4566 4705 4710 4883 5988 8991 9907 10608 11062 11063 11065 11070 12535 1613 3317 8072 313 344 7340 11080
1040 500 830 1185 1339 1672 1853 2363 1520 2364 4457 209 779 1246 1406 1475 2372 3032 356 2360 2698 1923
1182 1131 226 233 632 2174 512 418 601 769 1176 154 4024 4036 6759 8988 616
1411 389 1123 1800 8837 748 6506 618
1535 716 1414 7320 46 154 167 187 203 221 227 291 295 412 430 481 538 540 620 906 910 1047 1130 1242 1497 1502 1515 3079 3255 3373 3461 4129 4385 4706 4918 4927 5030 7111 7186 7777 9977 13910 14359 18408 355 3081 3273 333 55 191 234 293 310 3128 3557 4622 5767 6298 7406 209 230 300 321 432 461 793 1243 1390 1804 4255 4810 7935 9296 159 207 525 1689 2591 3281 4177 5233 5255 8555 8589 10685 13879 72 89 190 229 386 2183 3464 3763 4250 4559 5785 6693 471 15160 65 717 6906 2653 316 1860 8649 15690 215 537 889 548 528
1557 81 238 418 444 572 603 621 1394 1398 1405 1418 1738 1787 1801 1835 2146 2292 2605 2668 2673 2716 2824 3132 3169 3902 4728 4733 4734 5191 5200 5500 6004 6043 7060 7694 9766 10395 10522 10524 11200 12002 14750 14752 14761 14766 14774 15798 16745 17048 17825 17956 18391 52 54 57 58 80 107 162 215 216 227 231 423 440 604 606 608 632 712 728 733 735 756 763 1098 1126 1412 1414 1416 1426 1731 1745 1747 1790 1806 1824 1827 1945 1965 2136 2161 2289 2402 2593 2672 2675 2677 2681 2688 2691 2786 2811 3504 3520 3686 3693 3703 4049 4113 4153 4732 4853 4863 4865 5185 5503 5871 5927 6045 6048 6159 6409 6582 6756 6763 7079 7128 7382 7470 7473 7481 7520 7688 7699 7895 8068 8438 8582 9336 9361 9997 10164 10517 10519 10738 11128 11205 14768 14779 15795 15880 16053 16124 16746 17296 17819 1222 1970 3995 8232 16744 748 772 778 2671 753 780 2667 2695 7206 7493 15315
1676 220 425 858 1048 1090 2616 3237 8068
1689 1804 2408 3700 8026 5698 2149 58 1394 2691 8586 2672 3693 3730 5925 88 969 440 608 3068 6189 11464 328 1965 4541 16055 271 703 1485 2533 12753 746 1401 2398 2602 4064 7075 59 1155 5789 6217 6032 6883 11352 601 1943 2521 2535 6585 526 2530 16053 3713 1142 2083 2541 10615 621
1801 72 52 173 868 1835 2669 2688 4191 4435 10248 603 4852 16745 780 2167 9361 58 1787 2668 3169 3502 4113 4311 10395 1398 2691 1631
1894 239 257 322 329 330 359 475 485 913 2179 8178 17286 289 292 295 299 302 320 333 476 701 1556 6454 97 293 310 523 3489 300 304 307 309 525 908 1451 288 318 327 4292 15744 89 344 465 1935 5035 349 543 1580 2841 4619 258 279 323 1505 1936 2083 3171 184 331 3576 291 317 704 3317 686 679
1944 3660 954 1531 3088 2379
2093 1639 718 1369 2786 9926 2784 2842
73 8229 724 1001 1089 30 851 877 1073 2026 2031 2038 17516 51 68 533 930 997 1013 1103 1491 1890 2027 2029 2033 2531 2556 3281 14712 59 65 166 187 189 193 221 222 441 620 863 928 1014 1094 1107 1502 1710 2341 2606 3019 3502 4341 7642 11234 56 67 191 229 511 985 995 2572 4810 8215 715 2475 3303 19 91 98 878 986 1072 3886 10524 998 2477 76 1090 1413 2030 2037 2043 2470 8230 9322 82 157 592 599 2469 155 3768 8910 2039 1711
96 68 85 99 220 234 525 952 966 999 1027 1854 1882 2343 3758 6065 6070 6884 51 155 959 982 994 1079 1891 2554 2556 2571 2936 5452 5894 6950 215 1076 2562 332
189 173 190 436 707 1351 1686 2206 230 333 403 493 498 517 540 982 1186 1689 3563 12482
196 51 154 172 182 220 229 234 424 436 472 525 534 605 857 965 1090 1239 1412 1810 1814 1874 2347 2490 2556 2562 2637 65 207 298 441 716 985 9160 190 538 546 860 982 1512 3768 4177 6790 429 498 599 1390 1660 2029 2899 709 1400 1977 227 533 9959 1151
225 15 785 949 1260 1276 1364 1527 2838 2970 10672 503 843 918 923 1274 1369 1531 1533 4273 6245 6264 8259 45 534 821 1797 5366 903 959 3053 1264 3799 11170 2342 2654 3509 3549 1281 2744 1341 990 1099 1254 1344 1580 2944 2961 14304 23 27 28 72 516 522 846 942 1368 2594 2873 4265 4277 5609 6959 7248 8108 16661 180 198 226 510 811 812 881 1098 1131 1526 2765 3087 3637 8386 10525 10768 36 51 163 187 229 460 1181 1338 1523 1870 1914 2154 2379 3246 4130 5969 8347 13 81 333 497 507 603 835 850 928 1118 1185 1221 1347 1528 1712 1795 2850 2940 3717 4156 6240 8464 9761 10650 7 378 425 492 498 499 508 680 823 1216 1540 1853 2435 2839 2959 3028 3197 3797 4346 4948 7639 157 300 758 2192 89 175 371 537 727 814 834 864 1180 1188 1424 1547 2210 2211 2643 3545 3616 4118 4747 5667 5963 6016 6133 6760 11604 11826 12780 2 9 11 38 44 489 768 809 830 951 953 1044 1863 2579 3046 6873 8298 10954 13846 88 831 880 1397 1876 2014 2209 2369 2618 2964 4297 5100 5101 5767 9242 190 233 810 1214 1521 1672 1861 1974 2828 3720 3863 4173 6014 8277 9765 10 17 31 174 306 423 488 968 1134 1299 2166 2200 3551 3721 4004 4021 4497 4935 4940 4944 9452 808 1568 2500 2956 3032 3043 3729 4609 15053 4170 9907 17953 3719 769 1206 1550 3445 3739 4166 418 661 690 2186 2576 3548 1204 1561 2747 3727 3827 3833 5754 5968 10887 13847 25 403 517 682 704 1349 1410 2619 6289 11817 377 407 861 1342 3011 3784 8945 9260 13645 14629 470 1650 2381 2432 2971 518 3240 3810 4163 2185 4211 5067 11042 11865 12359 54 720 757 816 1300 2429 3029 3164 3184 3239 3901 4136 4271 4669 4985 7007 7419 9498 13431 238 693 1463 2143 2203 2541 3050 3722 3999 4003 4936 5600 9963 504 2586 5105 11032 5117 2383 746 8584 16495 3300 466 307 528 1360 514 4774 845 475 6548
298 1045 6225 6602 208 427 903 2591 209 324 424 687 959 1043 1201 4385 6227 6453 8884 1090 507 986 1763 3205 3747 5429 6772 7190 7663 8710 4251
475 1090 1652 1873 3617 8479 1151
563 212 245 575 578 610 613 1427 2419 2560 2842 4543 5660 7056 8111 8121 11477 13269 13273 250 565 569 583 728 903 1422 1660 1833 2873 2894 3464 3778 8108 8122 9598 9829 10394 580 1845 2175 585 735 1005 2869 6541 8114 8120 8123 8126 11918 581 2893 1976 582
581 265 523 954 972 1130 3501 15236 293 157 180 333
633 2850 8462 8464 13431 14549 15055 3032 424 1672 5630 220 2346 2595 1241 3382 4793 705
681 173 190 1728 374 5089 1146 1672 481 504 864 1145 1868 2847 9369 1 4 8 390 1910
705 290 2523 257 4747 300 89 289 291 292 302 349 455 481 544 1201 3575 313 2977 299 463 891 910 1071 1383 1705 2478 4918 4920 4923 4927 6397 9404 12288
790 289 65 325 1684 292 498 602 5746 912 545 1449 681 1453 1459 362 891 190 1632
807 374 375 1919 2086 5089 10226 16230 3490 2101
849 1512 424 207 1239 226 989 1766 441 2364 2372 190 964 2524 2574
895 7 163 868 1104 1412
912 706 917 924 942 946 957 1249 1338 1339 1358 1808 1810 2742 3477 3480 3774 4165 5010 9822 2834 4460 5123 7117 1703 2347 2364 2838 732 1360 3660 533 712 951 1343 1412 1415 1803 2038 2372 2746 2859 99 154 212 735 932 945 959 1122 1652 2343 2346 2797 3400 4180 6291 9416 10715 2899 1813 2787 2792 4801 6282 176 9334 562 868 1372 2853 9418 2791 14629
926 45 56 159 238 520 777 864 1062 1091 1292 1293 1300 1303 1394 1397 2669 3109 3186 3244 3289 3413 4732 4877 5609 6544 7078 8582 11087 11101 12515 26 32 36 37 55 81 756 912 1073 1256 1270 1294 1295 1296 1297 1301 1335 1418 1895 2041 2671 2936 3351 3992 4720 4728 4876 5074 5192 5670 6582 6875 7343 7347 8790 9289 9997 11186 15795 17296 17825 7 22 24 59 72 153 181 631 880 1203 1265 1298 1314 1752 1787 2030 2145 2470 2693 2824 2935 3300 3411 4312 5500 6155 6390 6548 7017 7700 7887 8584 8781 14840 15690 16746 9 19 30 49 233 407 603 1019 1104 1229 1299 1836 2961 3277 3520 3536 3886 5064 5806 6542 6873 7520 7522 11520 12130 13879 15688 15798 16324 747 910 998 1014 1099 2029 4126 4308 4734 4875 5503 6065 7514 12868 14680 14760 17048 18391 141 6659 6764 7650 11128 44 1745 1793 3541 7693 9146 10164 193 997 1001 1396 2039 6423 9980 11243 11638 753 9369 229 6374 174 994 1892 532 8919 13754 8026 15793 1900 5069 8132 1410 2691 8136 4039
1161 182 229 374 424 154 614 1048 1933 2430 53 217 396 1098 3298 65 300 2100 4 171 397 1929 3081 5082 2623 8398 1910 4291 89 525 225 7 466 327 333
1171 3865 8283 6429 1104 3674 3948 7211 2390 328 377 1081 1409 707 932 1109 1755 2745 10516 375 2070 2498 3307 4716 5249 7128 641 1432 5547 7152 9369 11139 190 722 1130 1781 2051 2459 4565 4923 6506 6522 7874 963 1372 53 2050 2047 2838 72 1121 1124 2075 3992 70 418 972 2067 10918 67 163 288 701 792 1009 3003 5076 15457 16860 65 71 173 306 528 888 2021 2523 5235 6721 52 220 296 466 475 2022 3238 4074 966 63 251 266 289 292 295 314 349 458 474 697 748 798 900 913 917 1595 1648 2027 2395 7837 9183 9271 10129 166 1440 1452 258 302 333 360 531 578 1415 2559 4817 6376 10041 89 157 161 184 192 227 299 331 601 730 787 862 971 1384 2247 2347 2607 3501 4180 5099 5754 8274 12298 14749 8497 1160 5000 1613 6505 735 1122 511 3063 230 253 159 462 300 241 301 257 378 686 543 889 1032 1820 903 644 2130
1570 163 234 333 430 1098 2277 3057 858 4704
1633 310 2176 6376 295 316 2083 55 299 349 258 340 67
1652 289 455 459 469 6389 257 910 4920 456 462 67 292 294 301 318 457 475 517 1244 1589 2265 2523 3748 5375 250 161 220 4180 207 1406 3712 349
1730 333 371 396 641 877 930 1859 5027 6547 55 64 173 397 429 542 716 972 1062 1098 1099 1246 1398 1694 1708 1919 2175 69 238 1505 2616 3109 4118 53 56 59 70 154 190 225 229 316 390 498 511 754 757 889 1239 1409 1632 1941 58 157 418 599 604 629 709 886 980 2840 3198 5076 6008 6539 7 174 487 524 546 1044 2521 97 182 289 292 300 2100 4706 11518 1 4 67 89 288 295 302 378 432 1104 1243 1857 2083 4024 7071 8589 9960 285 674
1831 441 226 714 3693 15961
1911 3205 443 448 1244 1553 1768 4819 10918 3747 9230 615 3200 227 8707 5544 863 1409 1510 3057 8215 8710 1103 526
1941 481 8873 403 498 1043 1047 1048 1198 4375 4434 4468 5310 5439 687 1201 3373 227 300 1672 4810 430 4793 184 1389 1502
1974 7530 56 230 646 726 790 802 1098 1154 1656 1673 2462 3063 3193 4149 5239 6459 8372 9183 11084 6282 174 278 424 497 971 982 1246 1475 1919 2059 2424 5731 67 299 389 787 788 792 949 957 1206 1368 2391 9234 51 163 190 227 234 300 375 533 618 868 1112 1249 1349 1396 1957 2018 2102 2347 2458 3121 3462 3464 3469 3614 3892 5124 5549 7934 9296 198 501 1418 2277 3003 4260 8371 8763 11139 173 2086 2101 498 983 1062 1117 1121 1123 1305 1394 2390 5673 6217 9470 10180 360 1406 17713 65 72 88 182 206 209 295 298 340 396 447 546 803 962 964 975 1001 1044 1073 1243 1378 2459 2624 2901 3398 3667 4565 8803 8818 16230 5780 1449 1227
2066 1300 504 1339 1704 3928 5079 5586 472 726 923 1104 1712 2038 3551 3564 4155 728 1249 4156
2092 207 1515 195 3057 5233 1048
5 53 154 182 190 195 202 215 222 232 233 236 447 618 733 862 863 951 1123 1239 2786 3203 3691 3749 4079 4114 8722 10610 1383 3430 12726 200 216 197
243 55 67 3502 71 172 511 906 962 1486 2544 65 238 903 1098 2083 3460 58 72 155 190 203 298 546 2022 2783 3129 8069 539
299 65 67 250 289 329 525 543 903 907 1048 1155 1243 1556 2179 2226 3200 4385 5934 6539 316 331 538 1609
307 2149 8582 2509 5500 5507 15037 1255 5348 7029 5358 1787 5503 5073 2745 2681 4725 5522 3156 1226
441 67 1934 6915 1609 4734
1054 53 238 418 444 886 1745 1824 10517 72 203 226 4716 859 4262 903 546 4495 2136 11464 981 7137 1731
1097 3104 191 300 1062 1400 2535 3081 3200 3576 2018 6915 14638 526 528 4561 686 58 548 3124
1193 198 540 1978 1982 1984 3238 5485 7038 1814 2490
1239 1418 81 152 163 186 3420 4675 227 3272 246 964 2797
1249 8803 63 163 245 301 569 578 584 599 601 607 1006 1018 1052 1156 1225 1383 1427 1941 2127 3147 3441 3778 4356 7533 8340 8812 8818 8998 14300 15457 66 257 299 320 576 597 851 907 1239 1301 1810 1848 2407 2598 2638 3057 3477 3993 4348 4363 5153 6698 6782 6957 7512 8311 8680 9324 9424 9647 9825 9992 10630 10638 13599 15920 1019 2627 2782 2784 2785 2923 3735 4043 4531 5072 7625 7934 10626 11185 14930 17331 18288 70 165 450 510 514 582 956 1179 1398 1870 2363 2791 3129 3502 3620 3637 3673 3769 4268 5105 5124 6724 6808 7075 7117 7224 7639 8333 14509 16661 9 10 11 27 32 34 36 43 44 159 230 250 377 420 446 462 472 488 497 549 605 615 619 852 857 861 882 966 986 1066 1107 1164 1203 1204 1242 1253 1256 1295 1296 1298 1299 1303 1332 1335 1422 1513 1620 1621 1645 1709 1807 1814 1881 1975 1992 2013 2030 2043 2222 2405 2486 2522 3132 3227 3230 3289 3436 3442 3444 3456 3508 3564 3670 3789 3978 3980 4188 4194 4272 4457 4735 4873 4875 5071 5299 5302 5415 5436 5581 5600 5670 5709 5848 5914 6165 6391 6875 6997 7514 7800 8108 8121 8314 8546 9260 9299 9427 9469 9595 9716 10127 10748 10753 10754 10762 10848 11042 11070 11913 11933 11963 12220 12352 12752 13000 13888 14340 14378 15641 15751 16164 16498 16634 17437 17702 18144 54 191 212 304 312 344 434 445 447 622 701 892 1220 1221 1449 2442 2467 2491 3458 3505 3581 3602 4520 4530 4535 5239 5629 6187 8223 8594 9433 9829 11956 12567 12681 13474 55 81 157 173 197 225 227 238 286 375 585 617 630 718 732 841 843 864 867 868 917 928 992 1073 1097 1099 1110 1119 1122 1281 1392 1411 1531 1786 1889 1994 2473 2484 2493 2558 2562 2708 2857 2864 2938 3109 3186 3200 3277 3300 3324 3328 3430 3431 3445 3562 3712 4132 4273 4308 4375 4494 4620 4805 4807 4927 5180 5421 6257 6847 7081 7885 8066 8120 8153 8671 8910 8994 9598 10226 10351 10370 10685 11510 13450 13621 14019 17326 17819 562 572 1160 1369 1372 1878 3475 5382 6460 7239 8309 11631 15301 192 193 475 905 918 1412 2362 2567 3878 5169 5459 5844 11023 2829 7 2637 3050 3470 3806 4178 13846 2424 8945 9032 176 3767 1002 17055 214
1355 211 215 223 236 604 609 622 1375 1888 1944 1966 3689 5446 5914 6836 7147 8504 10515 11181 11285 11421 11423 12002 59 190 443 448 898 980 1510 1520 4059 4060 4114 4444 5421 5925 11023 11900 13000 602 2584 2716 3617 3693 4069 4109 6295 5553 6853 11589
1655 152 163 186 188 506 944 1113 2003 3405 3940
1793 4316 5358 81 330 2222 7058 7766 16498 527 5891 3164 10172 54 250 763 981 1009 1824 2405 9766 14779 15783 4153 5180 9840 13393 1075 3109
1865 512 38 485 9242 7 32 238 316 453 503 534 707 815 818 923 955 965 1044 1104 1249 1270 1300 1360 1372 1545 1547 1714 2383 2623 2664 2786 3236 3545 3558 3717 3719 4971 6819 9144 10977 183 233 4346 64 1704 229 1099 8042 475 487 11087
1909 1505 172 173 289 292 499 3200 455 3739
1935 488 519 328 378 3987 1200 1672 500 706 754 808 1874 2014 2062 2738 8350 813 843 954 966 11186 707 2956 6618 498 1803 1870 779 2959
16 638 346 644 3500 726 891 1045 1379 2607 5553 58 97 313 1458 3367 454 2548 5151
28 1024 2531 2624 8790 12726 154 1002 2673 3413 15690 535 1007 7152
39 9 10 11 17 24 31 38 65 154 234 707 1066 1294 1300 1315 1704 2041 3184 3188 3190 4317 4318 5522 5670 6237 6875 159 450 1083 1265 5358 5073 1270 13
40 1294 1332 1320 4312 4874 7512 2 7 9 10 13 16 22 29 31 32 34 37 38 43 56 72 81 153 159 174 233 238 288 289 329 515 870 875 980 1009 1062 1066 1075 1155 1253 1270 1293 1295 1296 1297 1298 1299 1300 1303 1315 1328 1335 1336 1396 1398 1405 1408 1534 1983 2041 3087 3186 3191 3193 3288 3289 3300 3431 3432 4036 4308 4317 4318 4725 4728 4732 4733 4872 4876 4877 5113 5149 6374 8369 8582 8584 9144 10622 10685 11193 13339 26 41 175 1256 4873 6873 11186 49 328 529 722 1016 5027 6875 11 173 535 794 1021 1023 1024 3196 3277 3564 3769 4871 5581 5670 6086 6547 14286 17 880 968 1026 1306 1399 1591 2432 5072 386 1301 3190 9234 9987 886 1029 6237 1001 1098 4382 10248 1305 3197 3988 8781 8789 64 9860 30 89 3863 198 377 1044 1292 7522 9242
135 1301 32 34 1066 1297 1328 1336 2934 5934 7514 1300 3184 3501 5184
274 1 374 1923 2102 3324 5076 5089 17713 8 375 1910 16230 157 4980 1019 3768 4180 1892 72 1713
361 55 257 288 289 294 308 349 790 1451 241 292 309 333 484
390 2523 89 289 295 386 701 909 67 1243 466 265 7781
421 67 241 257 288 289 291 292 295 306 310 311 314 320 325 327 333 349 525 538 543 913 2031 2523 4069 302 903 907
450 6541 212 868 1412 1415 2834 2842 6959 9423 855 4251 956
493 72 1061 1072 190 234 1713
641 297 405 481 536 1047 1186 1246 2150
688 65 511 209 349 4818
784 197 202 223 231 237 419 434 562 709 748 1073 1122 1418 1901 1947 1958 2416 2639 3057 3884 4079 4123 205 1944 6182
818 923 366 8262 808 491
896 646 238 4149 816 2716
907 1415 2343 2842 397 580 956 1639
1089 19 32 63 67 238 961 1206 1225 1303 1513 1534 1707 1883 2041 2044 2446 2458 2459 2638 3070 3456 5713 7256 8945 10628 41 49 1270 1314 7427 5787
1194 407 850 7152 64 376 1139 1705 1787 3132 4346 4922 4928 6397
1335 2672 233 603 744 748 756 772 2668 2673 2688 8232 10738 11101 15457 17956 616 1222 1504 1745 2146 2670 2695 6187 7470 13317 10213 154 859 4865 237 16373 103 1155 11784 1073 6189 14672 1120 1943 6161 7520 14005
1454 51 58 72 75 95 99 159 182 187 405 441 707 715 863 951 959 993 997 1001 1004 1005 1013 1018 1104 1298 1375 1413 1713 1892 1895 1925 2745 3302 3988 4130 4495 6852 68 253 612 2469 229 722 877 79 599 868 1103 1806 3011 5420 2935 153 185 1073 1151 32 91 1155 1242 1385 1409 3920 5254 8555 2 44 52 54 66 77 93 155 302 546 716 851 969 975 998 1081 1090 1156 1707 1810 2346 4317 4876 6177 1954
1547 7 45 53 54 56 57 58 65 81 84 126 159 162 163 172 190 191 197 198 199 204 207 210 226 227 229 236 238 316 331 342 355 416 418 419 427 431 432 434 441 443 444 450 501 502 525 533 538 539 546 612 615 621 629 632 680 683 697 716 728 748 757 763 857 858 868 886 887 964 969 971 980 981 982 1062 1090 1094 1098 1100 1105 1135 1151 1155 1181 1182 1189 1198 1201 1243 1246 1377 1384 1389 1397 1398 1405 1408 1412 1415 1418 1422 1424 1426 1469 1470 1510 1511 1512 1515 1516 1517 1520 1632 1639 1656 1681 1714 1727 1738 1772 1824 1944 1954 1957 1958 1988 2131 2133 2136 2277 2408 2425 2427 2535 2572 2578 2600 2605 2616 2661 2786 2815 2840 2842 2855 2941 3033 3057 3109 3110 3117 3164 3171 3186 3193 3200 3231 3240 3252 3273 3279 3288 3300 3373 3375 3411 3459 3488 3502 3672 3705 3753 3769 3795 3877 3892 3945 4025 4028 4029 4039 4049 4074 4079 4113 4149 4153 4177 4189 4251 4308 4313 4385 4444 4447 4487 4710 4725 4728 4732 4807 5001 5030 5045 5149 5185 5226 5237 5238 5440 5790 5934 5972 6047 6048 6159 6191 6293 6295 6298 6374 6453 6544 6602 6687 6756 6769 6913 7071 7075 7077 7187 7211 7318 7320 7321 7323 7382 7427 7515 7663 7743 7821 7890 8068 8111 8136 8418 8438 8582 8584 8592 9032 9141 9498 9860 10248 10685 10969 11049 11725 11796 12026 12130 12535 12703 14222 14846 16373 18087 97 171 182 208 211 217 222 223 228 311 348 374 430 447 486 498 537 570 592 605 770 898 903 986 1015 1040 1163 1176 1231 1464 1747 1971 2394 2424 2606 2693 3030 3413 3616 4387 5257 5963 5966 6227 6570 6761 7194 8309 8837 10069 10515 17644 154 221 288 423 436 492 493 494 507 687 768 779 816 985 1047 1048 1091 1239 1400 1423 1504 1633 1781 1858 2150 2546 2576 2582 2591 2608 2639 2643 2850 3258 3313 3468 3558 3767 4423 4559 4810 4948 5415 5426 5429 5474 6223 6225 6558 6732 6772 7190 7777 8479 8649 9977 10327 10517 12787 13010 13431 14208 16002 420 471 2587 3293 3797 4089 4255 6547 6600 9484 9487 67 183 562 3444 4062 7147
1581 705 1045 4793 4801 13939 1375 2425 2840 4201
1622 2 61 107 212 233 592 748 879 1369 1510 1878 1888 2043 2488 2522 2674 2716 2810 3147 3200 3299 3504 3694 6075 10754 11549 14840 857 863 874 1098 1709 1837 2146 2671 3354 4062 4082 5876 7259 9457 12359 15457 45 603 625 733 867 1122 1219 8564 11477 15637 15641 605 755 1979 2236 2698 4541 5175 10394 610 718 3011 1150 2247 2668 3776 9825 3298 5474 10616 527 3216 5917 12314
1674 1470 472 65 173 386 207 432 1874 3057 5925 72 53
1694 154 171 182 185 203 207 210 211 225 229 234 238 253 268 321 342 355 377 419 424 427 428 443 455 472 533 569 572 683 716 856 857 887 920 951 967 982 1048 1090 1107 1145 1375 1400 1502 1511 1514 1515 1516 1517 1520 1643 1656 1738 1743 1874 2121 2133 2600 2614 2708 2840 3171 3255 3373 3375 3749 4089 4116 4118 4311 4435 4444 5030 5076 5429 5439 5440 7096 7180 7187 7190 7321 7515 7663 8215 9183 9977 12752 14459 14534 14846 15301 56 208 433 735 959 1151 1873 2277 2639 2815 7071 8136 8418 13010 430 446 757 1191 1633 2582 2587 2931 3164 903 1385 1620 5233 13406 403 471
1994 620 874 1804 3266 3481 4784 7325 58 1103 173 1090
14 59 98 193 429 441 612 852 874 877 985 997 1013 1027 1083 1878 1879 1883 1885 1889 1892 1896 2029 2490 2552 2629 2936 2938 3281 4129 5260 5434 6073 6784 7837 7927 9980 1895 7224 8066 8153 14124 99 549 563 573 594 857 986 1000 1001 1019 1206 1225 1227 1360 2033 2637 3008 3430 3443 3455 3458 3791 3896 4494 4723 4724 7038 7239 7329 8567 9865 10402 10748 10762 14378 17211
55 8929 1631 1130 614 622 854 856 1633 4359 567
97 432 2587 2600 5429 755 2582 65
346 207 542 300 424 1160 377
405 527 67 285 288 292 295 300 306 314 329 543 638 890 4566 6631 6902 172 322 468 701 6346 89 312 1402 2226 257 320 525 545 289 310 12351 5988 6633 1596 14340 485 2919 69 331 349 547 2220 4297 279 317 644 4561 299 466 1449 1580 262 1451 5178 6376 55 86 1613 8178 2083 6564 296 2523 340 1486 1505 4814 4883 6374 16495 326 1037 308 1379 6543 1051 350 1032 287 8605 239
507 72 97 207 221 331 441 485 533 554 563 609 618 857 903 969 1017 1048 1089 1390 1663 1755 1814 2029 2131 2265 2490 2537 2629 2938 3131 3258 3299 3676 3789 4089 4260 4494 4622 4810 4999 5237 5429 6382 7325 8068 9836 9840 10385 159 183 197 208 227 228 250 428 562 594 605 615 620 733 735 862 1384 1427 1504 1510 1515 1794 1881 1901 1925 2133 2532 2559 2606 2633 2639 3011 3281 3292 3458 3469 4129 4311 4795 5258 5434 5550 5785 5844 6784 6824 7187 7525 7625 8656 8830 9469 9629 9632 9829 10620 11179 11230 11933 12220 12752 13425 14534 15639 17157 203 210 217 225 420 425 429 471 573 583 627 709 858 985 1090 1103 1225 1400 1513 1777 1779 1811 2480 2531 2542 2609 2637 3371 3399 3427 3444 3450 3745 3781 4058 4060 4064 4073 4082 4251 4495 4796 4807 5027 5048 5235 5238 5420 6883 7077 7180 8672 8680 8831 9160 9338 9427 9478 9484 9595 9598 9825 10027 10080 10847 11918 12077 12710 12720 13171 13888 15584 16340 18087 230 720 852 1241 1520 1645 1889 2475 2648 2698 2937 3147 3333 3382 3792 5119 5150 5260 5789 6539 7259 8121 17166 271 761 1242 1899 3436 3456 4779 12535 206 266 301 433 567 578 604 612 750 1163 1801 1934 3110 3488 3613 3732 4079 4710 5440 7935 8067 8184 12724 245 1502 3791 4114 549 855 2458 5306 9823 575 4115 6920 597 3889 10394 13000 220 617
675 465 296 1857 2102 289 523 323 3570 1452
910 257 349 3324 55 4565
933 439 1669 1768 8707 8710 8713 9230 182 716 2815 229 432 443 546 969 1384 5440 11179 84 223 211 1976
1006 15457 183 220 316 1775 5446 6137 69 203 301 1475 1764 11477 208 1109 4022 8584 1609
1092 374 2546 2086 2094 2101 2523 10827 1700 314 1383 2102 3324 3490 296 1052 1705 290 2393 375
1177 4361 371 510 1470 1859 1867 2661 3078 3758 3928 4773 5217 9187 11796 2850 4170 1852 1855 3927 4177 4747 10737 11236 14208
1183 7 25 207 209 234 383 412 481 486 492 497 500 536 537 779 813 814 815 816 818 830 839 850 854 923 1044 1046 1180 1181 1185 1195 1197 1200 1406 1513 1541 1555 1689 1853 1868 1873 2080 2206 2379 2430 2576 2618 2652 2850 3205 3240 3670 3719 3721 4216 4218 4821 4833 5630 6772 7329 10571 10737 15 810 846 1274 2847 3398 4434 10784 230 1206 5065 7724 14549 494 978 4346 4102
1316 221 493 851 3672 4620 171 206 220 227 230 429 475 498 523 554 630 715 859 867 991 1777 1901 2532 3675 3781 3987 4069 4785 5215 8594 8844 10526 10656 11602 13416 13575 15100 15361 15457 15481 18655 67 192 197 212 215 234 251 265 291 302 333 609 718 734 868 986 1015 1089 1098 1150 1231 1244 1400 1406 1427 1463 1478 1811 1820 1826 1974 1983 2343 2446 2458 2478 2531 2625 2627 2902 3070 3117 3281 3302 3489 3677 3737 4031 4351 4495 4541 5550 6454 6714 6784 7406 7427 7436 8188 8312 8649 8716 9302 9699 9976 10627 10628 11769 12079 12129 13013 13621 15160 16105 17326 17490 46 157 910 1112 1121 1123 1124 1130 1175 1491 1851 1958 2040 3008 4423 5982 8133 10213 18408 99 455 900 1071 2419 4920 6256 7156 8992 229 461 228 257 289 300 412 570 585 590 592 607 733 737 906 909 959 992 1225 1239 1388 1513 1517 1708 1833 2554 2893 3110 3171 3208 3231 3273 3299 3303 3306 3876 3896 4109 4123 4125 4126 4384 4538 4707 5659 5665 7096 7111 7138 7152 8153 8309 8803 8818 9992 10217 10621 10626 11900 12681 13151 14019 14516 55 65 71 81 89 96 172 182 184 204 207 245 250 268 296 331 344 355 436 511 565 567 578 580 614 615 728 863 885 975 982 985 994 1001 1004 1008 1081 1375 1376 1377 1390 1505 1703 1813 1846 2023 2044 2127 2175 2265 2351 2444 2569 2614 2630 2633 2742 2786 2788 2853 2854 3019 3200 3754 3774 3980 4520 4618 4704 4742 5000 5123 5168 5375 5382 5432 5434 5660 6728 6732 6777 6852 7039 7054 7068 7533 7792 7937 8122 8422 8545 8812 8831 9418 9427 9437 9598 9969 10142 10524 10630 10638 11139 11736 12725 12817 13156 13171 13879 15301 15639 17055 17157 17211 17516 17646 18391 95 97 298 403 437 852 874 993 1416 2405 2416 2469 2938 3882 3886 7069 159 597 1242 2027 2029 211 2013
1325 871 4232 4359 7260 162
1481 209 220 377 481 497 1104 1249 1515 4155 4156 6140 157 534 1413 1517 1520 2558 7329 7650 951 959 540 1650 1988 2524 3400 4125 198 207 1048 1090 3475 4115 5440 419 1246 6920 208 217 533 6362 8422 6363 9888 1186
1686 172 298 326 412 425 498 536 538 969 989 1772 5027 229 307 342 424 430 1098 1116 1556 1632 2350 3795 300 1047 537
1814 229 1669 2343 2789 966 4435 439 511 1520
1922 70 173 196 618 1244 5414 7260 12201 59 984 9296
1969 278 475 249 267 2931 276 1636 1640 2906 330
1975 1943 2624 2676 2671 7695 8132 1969 6047 583 3520 3534 1946 610 879 1120 14760 11520 5503 1747
1995 70 182 412 501 808 1388 2605 2668 2738 3057 3164 4225 4994 16324 10026 2850
2019 262 290 486 498 499 683 967 1470 1553 1768 1852 1859 1867 3078 4177 4493 4819 7140 8047 9187 17075 13688 899 991 7927 8264 2127 180 2792 371 1383 439 8716 52 65 215 217 221 246 256 261 283 304 333 403 481 511 533 542 705 708 726 982 1241 1243 1464 1681 1771 1775 2019 2080 2082 2425 2463 3106 3173 3205 3373 3376 3466 3612 4064 4087 4361 4487 4716 5441 6454 6472 8594 11579 378 892 1795 3427 4620 5416 6853 7194 9433 11764 204 5745 228 17895 4704 8592 159 9700 689 4709 1377 606 622 4616 1518 2277 300
37 1 7 8 65 154 190 217 233 234 267 271 276 374 475 617 619 622 1229 1390 1504 1621 1622 1636 1929 1963 2251 2491 2493 2542 2698 2931 3227 3293 3351 3531 4585 4970 6387 8929 10676 10859
198 830 494 1691 5968 3997 6772 806 1861 2211 512 850
406 86 163 188 227 506 607 728 917 1113 1172 1343 1372 1412 1413 1425 1806 1837 1998 2151 2446 2624 2654 3230 3264 3481 3779 3788 4123 4675 4784 4790 5175 5297 5301 5303 5605 6397 6570 7802 7929 9366 11439 610 900 920 1128 1133 1468 2001 2002 2006 3272 4126 6506 7791 154 964 3421 152 2003 10370 186 190 10675 733 3405 14880 1119 5434 3940 2475 14878 609 1426 1639 2288 8594 215 418 1414 949 4379 12113 1994 2775 1134 2071 4787 61 370 5833 5839 2493 2579 613 1131 2857 6576 8696 769 4004 4615 4669 81 238 3727
496 198 504 522 959 1295 4317 6282 190 1914 3551 56 65 154 173 1083 1114 1116
580 65 199 355 501 512 726 805 808 813 823 1043 1171 1185 1195 1200 1406 1470 1547 1551 1852 1868 2379 2398 2586 2608 2652 2661 2775 2845 2959 3004 3027 3193 3753 3769 4774 4826 5313 5426 5444 5605 6293 6600 6602 6770 11032 16002 250 494 498 500 507 632 763 810 839 846 850 898 1541 1974 2209 2572 2574 2955 3033 3718 4189 5101 6225 6294 6506 8274 8462 8464 10891 11803 228 755 1239 3670 8262 10784 1131
636 265 288 308 959 8758 157
753 843 67 187 707 951 1248 1810 2350 2789 2791 2859 3576 3769 4024 4165 5254 6777 7117 3477 2343 2347 2784 2783 2797 2856 3473 9334 69 157 176 180 193 227 257 265 601 605 706 724 732 733 734 735 841 889 917 918 930 937 944 945 947 952 957 959 997 1015 1076 1160 1257 1261 1274 1343 1358 1366 1369 1372 1395 1401 1412 1475 1478 1527 1639 1795 1803 1808 1809 1813 1821 2031 2183 2341 2342 2346 2360 2363 2372 2395 2444 2463 2523 2565 2567 2780 2782 2785 2787 2788 2790 2792 2834 2838 2861 2922 2973 3063 3067 3303 3306 3426 3445 3471 3480 3620 3748 4130 4180 4460 4493 4807 5010 5157 5169 5526 5812 5841 6291 6722 7248 7268 7298 8372 8422 8743 8991 9347 9818 9821 9822 17424 17437 17730 18288 1364 2595 253 1249 77 192 285 320 342 344 356 360 364 461 562 712 717 718 868 892 1110 1244 1360 1415 1427 1447 1459 1462 1489 1696 1825 1834 1885 2013 2436 2437 2442 2443 2449 2453 2454 2457 2467 2468 2569 2854 2855 2901 3313 3470 3585 3589 3603 3765 4125 4348 4351 5267 5767 6714 8794 8795 9919 9926 328 2525 2853
906 481 524 536 1185 325 498 1246 5934 701 289 2801 538 779 1678 5119 461 3239 5731 1045 257 466 1047 6543 5950 300 464 458 4850 89
966 1378 191 212 349 529 679 1193 2405 8479 1632 2708 333
969 166 227 229 302 316 930 256 542 957 1710 1767 333 701 10604
976 234 472 706 868 877 1372 2343 11181 504 567 1117
1025 220 245 250 614 706 728 1249 1639 1814 1981 2342 6724 1244 2055 227
1038 72 82 732 877 1004 1013 1534 1810 1892 2347 3918 3921 51 159 193 891 961 1062 1079 1718 1836 1897 4308 16952 93 999 1172 2558 4123 4126 6150 7885 8802 3768 8555 9869 994 2562 2938 1128 1132 2002 2039 6957 59 83 85 99 100 187 724 889 945 1003 1249 1883 1885 2183 2569 2633 3473 4132 5261 6732 7927 9255 12298 68 77 91 864 985 995 1001 1005 1468 1479 1882 2571 2780 2936 3067 4493 4915 6064 6714 6736 6790 8586 9348 11243 993 1015 1017 2556 2788 6781 15771
1084 170 56 64 418 1090 1394 1983 4387 81 1990
1147 489 1339 2838 2944 1014 1104
1220 159 183 903 1409 3293
1295 154 207 230 903 1048
1363 518 955 3184 4136 1295 405 209 537 540 1246 4262 1858 5950
1455 333 461 300 481 523 1590 3575 5310 7449 906 1684 289 288 908 498 543 793 291 295 318 320 329 344 377 491 536 680 488 1021 2664 5806 6693 89 314 349 407 290 306 310 311 475 681 1450 4918 67 492 171 544 2977 4572 4574 5683 301 313 324 342 466 674 3859 296 386 3316 3856 157 467 701 294 486 2025 305 292 297 722 1459 464 476 2083 6397 1687 3238 302 1053 1379 220 547 761 679 3940 199 10987 330
1496 65 72 229 1151 1384 53 59 233 1001 2531 2584
1771 67 217 220 288 289 293 318 403 465 471 523 525 540 614 687 1246 1375 1377 1684 1866 4223 6453 488 6770 786 455 536 730 88 292 360 706 1182 1189 3795 89 466 7 55 161 300 234
2021 471 55 289 290 292 297 304 305 313 318 321 325 350 461 476 523 544 681 906 908 909 915 1440 1453 1505 1591 1602 1684 1685 1936 2977 3575 3859 4292 5266 7391 911 1450 1696 89 308 324 691 794 1040 8364 528 797 312 3367 296 541 686 46 466 468 689 896 1106 1151 1376 1383 2708 2923 3730 6374 6693 6726 7321 7945 12753 16495 306 314 342 362 386 403 423 425 898 907 1243 1519 1632 1824 2020 2121 2840 3080 3316 3399 5428 5925 5972 7276 7324 8047 8264 10681 11890 17766 498 1390 1613 4384 4562 420 858 1510 2134 2554 2584 3411 3877 5683 7887 7904 11899 195 294 344 485 538 891 903 1206 1388 1444 1556 2458 3057 3206 3489 3756 4543 6303 7274 7826 8067 10656 15172 182 191 262 419 703 1456 1485 2544 3255 3288 5268 5478 5978 6785 6906 7318 8161 8595 8605 13147 16055 161 245 332 1609 1694 1807 2610 3400 4059 5255 6226 6730 9424 13393 17157 18555 288 484 532 543 545 701 901 1009 1198 1401 1441 1772 4566 5149 5547 7340 223 427 464 518 548 697 895 1377 1470 2661 2939 7177 7288 8133 16449 470 899 4618 5553 7183 8592 8871 300 354 704 3681 238 299 547 991 1090 1379 1424 1447 1516 1976 2139 2598 2600 2601 3404 3672 3706 3769 4074 4089 5099 5184 6769 6920 7777 7868 7880 9484 9882 10016 15171
2029 226 233 862 1062 2606 3672 6222 14840 538 422
2091 52 81 972 5182 5184 7058 13393 15690 4316
26 917 919 930 943 923 929 925 173 511 922 932
99 65 72 173 229 157 1104 961 2601 228 604 159 419 703 757 1713 2137 2582 2605 190
110 289 265 344 257 325 2102 67 1580 288 9013
387 10685 295 6374 13406 77 167 173 251 279 285 312 523 3198 6376 6423 10608 17490 157 265 289 299 310 311 329 331 332 524 1595 2277 3057 3466 4566 4704 4705 5045 5186 51 53 67 70 71 84 206 250 258 262 292 293 316 468 474 534 547 697 887 891 903 913 1155 1609 1613 1641 1936 1941 1985 2220 2627 2786 2861 2919 2922 3878 4025 4732 4883 5789 6384 6387 6631 8161 11080 14300 14363 192 227 241 288 301 377 437 525 527 1384 1409 1505 1620 1860 1935 2083 2404 2521 3754 4585 5848 6382 8178 9598 11065 13446 64 90 230 291 298 330 575 885 900 1392 1394 1556 1937 2094 2132 3317 3534 3712 4710 5064 5072 5683 6389 10768 16105 16164 81 215 234 245 253 257 266 287 302 328 486 491 569 715 733 735 1242 1427 2175 2247 2637 3110 3459 3488 3490 3667 3707 4706 5048 7743 10394 430 548 333 1426 1833 229 252 2346 467 3316 249 306 907 1378 4733 204 485 1874 317 191 1402 2226
737 206 210 222 238 383 425 475 497 546 620 709 715 851 854 965 969 1104 1116 1119 1151 1179 1186 1351 1375 1384 1520 1610 1613 1645 1689 1801 1854 1860 1873 1985 2206 2227 2493 2614 2742 2829 2835 2919 2967 3129 3227 3240 3273 3468 3469 3739 3946 4216 5074 5153 5216 5258 5440 5784 6004 6376 6558 6618 7329 7625 7871 8830 9416 10955 12482 12726 15327 17956 436 599 733 2236 2488 3995 6619 7766 17166 1388 4250 986 1239 2132 5434 9999 13406 7 163 198 226 234 377 488 500 503 510 512 514 517 815 830 841 843 917 923 947 952 978 1044 1145 1358 1369 1672 1870 1974 2744 2823 3719 6133 6808 7639 8347 13624 190 724 726 806 813 846 1131 1366 1372 1803 1858 2009 2574 3027 3737 3928 4103 4262 5079 5100 5157 10310 14061 17326 785 25 1470 4189 538
778 279 289 9976 3081 257
887 152 188 1113 1994 2172 2969 2972 3788 3417 959 961 3940
1327 51 95 98 163 193 253 599 889 993 994 997 999 1000 1006 1122 1249 1343 1358 1469 1795 1844 1884 1889 1892 2029 2469 2490 2559 2562 2567 3201 3426 3466 3613 3776 4978 5260 6073 6363 7068 7069 7927 8422 8802 8993 9417 9821 13900 17702 18288 187 991 1369 1413 3444 4179 9322 996
1336 72 159 163 441 712 868 877 1083 1411 599 515
1416 227 228 229 217 416 425 3030 231
1520 173 203 418 444 533 1098 4980 14459 221
1606 89 289 294 355 290 689
1643 51 55 67 77 95 172 187 296 455 462 535 728 800 906 1047 1243 1414 1602 1985 2050 2523 3019 3460 3987 4257 5000 5257 6737 7148 10129 12129 15249 1249 2788 8995
1704 462 479 800 906 909 532
2027 289 300 311 318 321 403 481 525 546 1045 1047 1048 1470 3078 4177 7187 297 1105 1198 2427 471 1239 293 1684 6600 12567 4773 324 1043 486 528 5972
2058 55 67 89 299 302 525
203 2850 493 500 501 503 507 691 768 1193 2192 2429 2586 2621 2963 4102 4170 4180 6012 7639 498 540 706 835 959 978 2360 2941 157 486 693 815 923 1185 12780 2379 4166 4171 4178 544 806 850 1044 1188 1672 2595 2794 3621 3927 4003 4174 4948 7776 18530 810 964 1541 377 814 4173 2203 4168 816 1180 4177
255 508 2811 4173 4852 6240 8298 238 616 2145 5200 52 748 756 11635 512 778 1098 1752
459 710 1358 923 1914 2143 2963 3236 7116 198 820 3244 949 2172 2835 4271 15 6 12 917 930 1339 1348 1526 1276
677 1264 957 4271 2746 6808 1348 2387 7938
763 190 403 502 1091 2014 5480 6257 9765 1375 1650 2132 2961 3247
996 17340 17981 18330 196 197 613 625 633 1941 2292 2330 2460 2624 2952 3505 8699 8837 9043 10891 15688 910 1219 1833 1848 2394 2419 3003 3004 3206 3886 4991 7352 11650 11655 12141 13269 13395 270 417 569 1718 1755 1764 1779 5441 5745 6137 9700 9713 11579 11763 11764 18363 1167 1708 2313 11784 13317 14669 212 4531 9783 283 11477
1186 89 157 279 292 309 327 538 680 889 961 8161
1211 10794 76 1014 1017 1028 1079 1883 2531 7344 84 998 2552 4039
1223 51 54 66 72 93 183 192 193 565 580 601 735 1005 1073 1427 1556 1900 2629 2873 2893 2901 4130 5790 5890 6743 7266 8312 9437 9826 9888 11917 12599 14846 96 210 229 474 511 583 602 610 728 734 878 1019 1415 1424 1463 1513 1519 1826 1844 2405 2444 2630 2855 2864 3776 4447 4785 4999 5181 5185 5659 6742 7347 8153 8820 8837 10027 12141 13126 14680 15749 65 69 157 171 228 576 581 706 750 879 903 992 1090 1098 1375 1383 1390 1828 1832 1847 1892 2347 2783 2854 3889 4495 4520 4543 4618 5665 9825 13171 13446 15544 53 61 62 217 221 301 540 599 1048 1239 1394 1400 1949 2265 2582 2633 3264 4089 6915 7056 7643 7927 8479 11927 12298 12821 14359 18363 187 207 416 533 569 572 575 612 715 898 1413 2289 3171 3200 3466 4079 4710 5303 5480 5550 7525 7650 8311 8936 9977 10180 12723 12724 14147 14760 215 582 889 1412 1639 1850 2330 2524 2531 2567 9352 13450 3738 235 420 617 630 777 993 3749 8830 14019 15639 1106 7473 173 2711 1811 2796 6362 9969 1397 2220 6384 10026 1118 10622 246 10478 2669 7342 7345 15637 981 8589 2469 1833 186 895 3068 3272 3420 3421 5153 6570 7288 15771 901 1752 4545 5485 278 631 1966 2530 2541 3198 3707 3941 12753 15171 13009 3404 1713 1763 12993 4201 4814 7781
1230 66 569 3230 7929 15034 2952 554 3458 6161 1426 1770 2265 3777 16860 418 621 1118 1790 7725 9672 14880 15675 17340 63 219 440 441 1747 3505 4126 6764 10519 13317 3703 3886 4920 11146 17981 1071 1743 10217 12733 1639 3893 10412 6 718 1717 2668 3216 1783 2127 2711 1120 11784 2676 5192 14669 2402 3208 6187 6949 9783 13397 14005 630 1707 103 1700 2857 3763 13368 6181 2630 1242
1267 176 227 234 412 498 707 917 922 1339 1406 1755 154 163 229 378 430 706 918 924 930 957 1186 1206 1249 1349 1358 5772 6196 166 217 432 439 481 718 854 1412 1814 3398 230 486 540 1672 209 298 501 1043 4828 956 5688 188 920 959 1045 5667 25 157 195 932 936 1046 1246 1515 2746 4189 51 187 207 300 504 518 857 952 955 1348 1369 1513 3088 6680 7260 8713 841 1041 1545 3660 4468 4821 6120 28 89 333 65 1195 1047 475 3740 289 1182 537
1286 697 1390 1396 1745 4029 1151 8676 1130
1302 227 439 1424 1556 2277 7321
1321 207 706 709 1412 1520 1556 3475
1331 3635 889 4801 709 1135 2616
1342 63 163 212 234 370 418 503 504 824 986 1388 1400 1585 1772 1982 2060 2339 2402 2969 3890 4541 4620 4971 5165 5549 6150 7810 8420 6 25 28 53 65 151 181 188 206 217 219 245 250 286 366 433 572 580 622 712 715 726 728 730 735 806 807 809 810 811 812 813 815 821 867 883 898 923 930 963 1048 1075 1134 1143 1150 1151 1197 1249 1263 1264 1375 1378 1422 1464 1470 1715 1800 1861 1874 2370 2609 2638 2654 2786 2789 2857 2901 2970 3019 3131 3147 3405 3416 3417 3438 3732 3861 3875 4118 4126 4232 4949 4985 4988 5660 5787 5848 6181 6363 6541 6657 6759 6760 7056 7096 7116 7256 7411 8594 8808 9543 9598 9699 9836 10412 11423 11736 12112 12113 12890 13372 17873 185 389 412 506 733 748 820 955 981 1254 1384 1411 1412 1416 1806 1810 1854 2792 2834 2952 2963 3373 3411 3901 4135 6463 6930 8230 10973 11049 162 216 697 903 2956 6761 11900 17981 1123 1418 4117 5665 5914 7058 8699 11905 18363 18692 707 5932 624 630 1425 2966 4460 9043 416 423 445 1097 1633 2471 3164 6417 6920 7929 8756 1132 10516 732 2342 2347 3470 3940 4495 96 442 1415 2265 3458 4780 6165 8313 8546 8676 9433 9437 11487 12623 15034 18117 711 717 863 1639 2330 2893 3938 4538 5844 7039 7329 7800 8122 8314 10638 12599 13621 14363 54 632 1372 961 1244 1369 1468 1949 2013 4675 8689 8957 4616 2569 4795 5297 52 66 238 5475 2313 1160 1980
1424 65 159 225 229 813 1377 2277 2850 3205 439 3026
1600 89 257 317 545 2018
1669 66 70 71 157 234 377 486 504 517 707 726 1104 1795 7047 512 3302 64 163 378 1099 1226 1585 2316 2339 5165 5215 17981 4620 3929 7639 10827 331 972 4460 709 3164 5844 922 4365 8420 3416 152
1850 67 265 310 311 455 886 1451 2022 2523 3576 2801 906 289 55 89 295 296 323 352 530 547 674 679 911 1001 1047 1464 3288 3570 8718 798 2024 5268 7864 65 2404 2521 3676 4814 167
2036 51 54 69 81 95 154 183 216 245 418 599 609 614 712 855 858 862 868 885 1083 1121 1135 1175 1372 1412 1418 1424 1639 1643 1747 1833 2419 2616 2638 2668 2711 2716 2786 3057 3259 3502 3670 4113 5185 5235 5237 5238 6004 6417 6762 8592 8594 9271 10519 12112 13910 13972 14147 16323 16333 17048 17766 1176
78 444 603 616 744 748 756 1222 1226 1745 1752 1945 2145 2146 2149 2161 2174 2667 2668 2669 2670 2675 2676 2677 2681 2691 2695 4027 5069 5503 5871 7481 7693 7695 10517 11101 11128 14750 14760 14774 16744
129 89 289 1034 265 1463
159 55 64 70 72 77 90 155 161 257 265 279 289 292 294 296 299 301 329 332 463 465 467 468 504 641 674 722 789 792 798 906 913 972 1055 1118 1380 1475 1505 1601 1935 1936 2523 3320 3500 3503 4113 4572 4732 6429 65 67 182 220 241 262 288 290 291 302 310 680 888 1937 2220 2783 3501 3502 4566 4706 175 229 889 1375 1934 2521 2607 3164 4487 14638 7 187 189 221 238 251 295 462 486 511 529 683 701 727 890 909 930 959 1062 1591 2506 3129 3992 4025 4704 5487 7193 7290 7340 8068 10172 12357 15038 15533 173 191 538 3863 4619 360 4351 8497 8042 157 896 8605 267 617 1383 2390 328 425 497 534 1247 1795 1990 2024 3067 3948 4710 5806 8595 12890 14222 66 287 12013 107 405 518 1797 4883 8957 691 726 867 293 333 951 1053 1406 4567 11080 14529 17612 475 548 690 1186 1379 3889 4707 9907 1432 2130 3171 1037 3459 172 7321 1009 1456 297
187 163 997 1895 9829 75 86 98 227 233 467 735 874 1062 1886 2630 3264 3940 4363 852
283 52 7700 2509 80 3413 288 1123 5200 18587 66 81 238 276 529 906 998 1122 1395 1824 1950 3109 4316 5045 5185 10129 16744 18039 1399 9860 57 763 2668 5180 5182 73 210 1801 1952 2139 2602 3121 3132 3693 3960 3995 4863 5181 5184 5188 5197 6137 7058 8837 9362 10172 17048 747 7017 7021 613 633 3198 7821 15920 16523 56 70 89 306 328 1009 1410 8230 2350
474 2509 7298 56 67 70 72 289 1009 1099 1394 1397 1401 292 55 157 190 309 329 377 467 474 535 543 912 1104 2831 3490 5074 5806 6193 9862 14744 14779 16735
825 618 629 1400 2537 3747 439 1764 1766 447
828 152 226 732 851 1248 1343 1372 2834 969 862 920 3264 1803 2341 2784 2787 706 3475 614
831 712 8340 701 9362 66 8422
845 707 812 917 918 949 1360 4787 10585 6282
921 234 475 498 1988 3333 3354 3946 1640 1952 2921 3227 3355 4585 605 2674 3444 3447 3780 3792 4194 7407 8945 10848 11042 709 808 1645 88 190 197 198 207 220 226 227 228 230 267 278 289 377 405 412 424 425 428 430 441 489 493 512 517 706 707 716 718 770 841 843 859 868 906 917 923 969 982 985 1044 1090 1103 1104 1162 1180 1185 1196 1202 1206 1239 1244 1249 1351 1369 1402 1406 1410 1520 1555 1613 1873 1874 1878 1919 1974 2132 2179 2222 2226 2227 2247 2251 2637 2698 2834 2850 2955 2967 3011 3242 3247 3357 3781 3784 4100 4115 4271 4359 4457 4805 5048 5216 5659 5665 5785 6257 6543 6618 6619 6621 6626 6997 9452 9469 11865 11933 12599 16634 856 1203 1531 9344 1814 6146 10395 619 1846 1950
1222 300 386 456 459 479 891 967 5000 262 279 304 320 325 455 800 1580 2021 2025 2546 3491 8718 176 305 457 1602 4708 157 326 184 318 14516 257 289 2977 8991 1591 7340 17612 288 295 323 324 355 458 467 691 1001 906 352 474 913 1081 1601 2939 4257 6308 55 290 5767 302 89 180 251 327 342 1051 1452 1475 2020 1032 299 308
1231 6397 1358 1249 2127 4600 18408 1372 3440 5175 8699 389 706 868 1124 1156 4126 7119 11193 12352 12733 8133 1274 157 1527 1130 1131 10217 340 1425 3886 5358 289 1412
1234 11336 1001 68 79 83 289 789 798 800 877 1882 1891 2022 2024 2567 2571 3201 3501 3674 3918 4705 4880 7759 15236 89 3367 17281 175 1892 77 2067 959 72 155 544 55 187 1004 2521 8283
1237 72 447 612 314 329 1396 2265 2524 4123 5988 7927 526 1155 2711 1372 1511 907
1253 283 288 333 542 1045 3376 292 299 300 306 320 325 349 908 3173 4716 204 302 4708 161 191 229 295 321 328 329 481 2080 2984 310 486 3171 184 330 355 89 498 289
1261 418 3057 1766 9404 1553 1633 5181 920
1322 188 2172 3264 3427 3788 1216 331 13847
1393 1320 7078 487 878 4308 6873 2166 2667 7522 1315 10859 509
1440 257 67 166 241 261 265 283 316 374 378 463 641 701 792 909 1432 1763 1768 1771 2019 2047 2082 2548 2984 2988 3067 3173 3376 4716 4796 5432 7248 9907 11764 13395 389 1772 2067 4130 4710 7352 1109 1755 1767 3741 10027 1764 3307
1541 1890 40 56 64 159 599 1073 1900 2552 4720 5255 5260 6374 7344 9322 10685 12994
1551 190 1672 4179 6130 10859
1647 230 289 292 486 493 498 908 966 1054 461 5746
1728 53 65 70 72 154 167 182 187 190 203 310 328 467 533 535 538 1072 1243 1384 1713 1985 2783 3676 3856 3988 4609 9632 12077 173 1061 1085 1213
1759 512 605 978 1044 1099 1116 1180 1406 1974 1979 2738 2919 3357 9821 7 499 517 808 14692 176 198 377 489 510 519 1145 1613 1797 1870 2062 2251 2698 3246 4598 6133 6193 6586 7639 8350 9242 10525 2923 496 6621 514 2236 163 2525 5256 276 1119 11826
1895 295 913 2091 55 65 67 89 229 257 285 288 289 292 293 299 300 301 302 306 310 314 317 320 329 331 332 349 455 468 475 498 525 538 546 701 903 907 908 1400 1935 1937 2092 2521 2523 3200 4566
2007 15 233 436 475 603 617 707 785 841 843 854 949 957 1131 1276 1366 1410 1418 1527 1803 1813 2346 2362 2473 2491 2744 2851 3780 3799 5526 5789 6257 6618 6633 6677 6950 7419 7775 7941 9716 11042 15037 45 511 383 1645 1905 2206 8333 3445 1555
2030 475 991 8445 233 697 2441 3132 5446 18039 53 54 56 57 64 66 70 71 80 154 161 175 190 195 204 234 238 245 249 250 257 266 267 271 278 288 292 294 295 299 301 342 362 378 418 430 436 499 503 506 517 575 604 609 632 687 701 748 858 903 917 930 975 981 983 1109 1116 1383 1418 1475 1613 1631 1737 1795 1800 1801 1824 1828 1858 1979 2001 2067 2179 2226 2227 2236 2247 2251 2316 2339 2346 2469 2565 2605 2608 2711 2716 2919 2923 2952 3227 3400 3411 3488 3616 3995 4037 4710 4853 4917 5180 5181 5480 5789 5890 6004 6045 6506 6581 6618 6619 6626 6633 8372 8722 8853 10164 11085 12893 13446 17340 17981 18330 63 359 407 510 512 534 1463 1934 3057 3109 3673 4113 5200 6621 6949 7713 8689 8699 9043 15482 18094 18692 389 1444 1772 1790 2044 5325 6760 7157 8802 16501 151 316 727 2786 3871 3875 4316 5185 9821 10172 10613 16860 5360 14222 73 2006 2206 7142 7456 69 81 219 291 538 726 813 909 944 1249 1505 1585 1641 1727 2013 2668 3081 3171 4423 4620 4670 5348 5415 6048 6756 9672 10524 11480 15315 166 472 592 730 735 807 961 963 1398 1468 1743 2060 3067 4447 5123 5803 5891 7140 7810 14363 22 43 137 189 208 212 227 241 252 262 279 285 287 290 296 308 309 312 314 317 320 322 326 327 328 332 349 427 428 429 440 443 448 468 474 482 485 531 562 569 599 601 631 689 706 707 732 821 841 843 867 913 920 923 943 947 949 969 1089 1098 1103 1151 1163 1221 1275 1281 1349 1360 1366 1368 1374 1376 1412 1414 1457 1497 1507 1512 1515 1517 1521 1596 1604 1717 1735 1747 1806 1810 1988 2030 2131 2281 2341 2343 2393 2473 2591 2601 2606 2614 2789 2838 2859 2956 2961 2966 2970 3279 3317 3318 3351 3371 3447 3464 3469 3476 3505 3508 3531 3694 3767 3797 3896 4109 4143 4265 4268 4275 4286 4351 4460 4562 4617 4619 4669 4787 4988 5157 5429 5688 5806 5841 5988 6032 6289 6384 6389 6564 6657 7074 7117 7180 7340 7375 7525 7743 8026 8027 8067 8072 8111 8161 8333 8364 8422 8696 8701 8705 8830 8991 9452 9457 9907 10327 10385 10608 10615 10650 10656 11049 11062 11063 11065 11070 11181 11395 11464 11890 13664 14666 17189 198 237 455 885 919 1400 1469 1736 1793 1971 1998 2972 3068 3707 3815 3817 4232 4538 5698 6159 6755 6759 6920 8549 10110 13539 444 1112 1739 4049 5799 5927 6189 6761 7904 11416 11905 585 992 4230 6296 578 3164 2569 173 1150 8184 1639 5151 223 511 1385 3681 4108 5768 6585 12993 2407 1424 13879 11739
2032 320 209 292 4705 89 265 293 3129 525 289 329 55 440 526 1609 2398 2521 2542 4432 6374 65 67 418 733 1142 1633 2277 2632 88 285 288 331 8676 750 961 1388 215 622 2083
2095 380 1109 1650 2952 8445 9043 18692 378 1707 2316 3882 7157 8699 8802 13368 18330
11 455 2179 257 456 89 230 234 326 469 482 540 1450 1580 10074 3576 458 471 468
170 12 72 370 371 472 488 497 506 603 632 707 759 812 820 841 854 918 1099 1131 1206 1214 1222 1264 1274 1281 1854 1873 1876 2143 2151 2379 2383 2744 2778 2967 3239 3240 3242 3246 3719 3722 3729 3940 3946 4226 4265 4691 5069 5100 5108 5603 6240 6819 7775 7941 7947 8251 8259 8298 8910 9997 10095 14840 17953 188 234 726 860 1119 1226 1504 2369 3050 3739 163 500 779 825 830 839 842 949 954 1118 1196 1521 1547 1555 1557 1563 2763 2850 4021 5217 8510 16595 512 917 2594 3720 6289 964 503 843 18137 4275 4805 3717 238 768 1075 1812 2493 2971 3718 614 816 1561 834 2771 6130 5360 5105
329 55 71 97 229 288 289 292 294 295 906 4704 3866 689
358 88 163 868 8054 162 603 6043 6046 1835 1943 2605 1418 1770 9336 13397 366 565 1167 2136 4379 1947
408 209 234 1246 4756 6247 481 536 171 173 190 208 229 424 1048 1090 1375 2600 2614 4116 4435 65 154 184 207 716 851 1151 1384 2815 4255 540 6453 88 202 206 210 228 427 428 432 443 969 1376 1515 2121 2128 2131 2133 5001 5030 5429 6223 6227 9977 10327 13406 486 1400
521 537 1043 1186 2840 209 1091 6196 2850
631 986 198 217 424 706 707 922 1873 8710 2344
650 329 333 722 907 1197 2959 4567 89 220 306 498 709 1043 1055 1672 6252 497 6008 423 1180
673 3749 538 726 966 1470 3078 518 9084 4439 9193
1075 210 217 432 1408 1424 1983 4704 7071 10685 1075 1001
1102 89 980 534 328 680 1409
1120 55 67 285 295 8582
1199 154 610 2624 3003 3012
1642 72 5871 9766 11200 75 99 187 993 997 1019 1885 1895 2824 4132 6064 7068 14744 14752 14761 15798 17296 65 2675 2711 4025 4734 8132 15793 17825 166 603 889 1009 1099 1787 2149 4728 4805 4978 6160 7470 7694 15783 17424 18297 59 554 735 1062 1416 1660 1714 56 1886 15675 182 1072
1794 7776 492 808 1200 3084 493 1190 2845
1965 55 524 5178 10685 239 349 601 432 1191 1979 2083 2572 8992 1031 1850 4705 17286 491 497 276 331 619 889 1793 2453 6073 17424 67 163 511 707 724 858 1447 1613 2247 2716 4566 4585 5894 8161 8998 12868 257 481 686 1462 2091 3603 6621 6626 10677 16501 262 285 7075 915 5064 6423 8781 15037 252 290 293 294 300 305 320 323 325 333 386 425 461 465 498 499 525 532 575 578 680 697 789 1457 1486 1596 1640 1817 1824 1833 1845 2175 2236 2393 2598 3475 3778 4262 5415 7018 7021 8178 9836 10180 12477 12535 15100 17528 253 458 463 482 535 856 906 997 1001 1014 1073 1401 1556 1602 2047 2227 2251 3067 3302 3367 4487 6387 6453 9892 1034 1641 2206 2977 3320 4704 5182 8047 8789 12013 17713 95 174 292 542 1369 1694 1772 2851 3503 6454 7288 10027 11477 13645 16634 212 233 674 855 874 2271 2738 3795 4189 7775 14324 15795 209 234 379 537 987 1038 1081 1201 1380 1848 2419 2638 2745 3003 3500 3605 4252 6150 6601 8807 10129 10628 10638 11819 13273 14147 15533 1379 1429 1713 7268 436 618 622 1452 2351 2788 5082 5503 1047 3375 3404 1032 2439 2441 2484 3796 14300 14629 14749 202 1075 7074 7177 7864 16449
2000 907 1444 2919 545 644
2055 253 605 728 843 959 2023 2031 2565 2834 706 1468 2861 715 16 18 463 487 504 875 1000 1083 2343 2346 5079 9144 4189 51 450 2463 7 923 954 982 5432 785 1001 1025 289 455 525 786 967 1394 2521 5767 17424 3739 3070 5670 6777 7792 300 459 987 1369 1807 1914 3482 4780 5452 12994 544 1810 166 227 407 1873 69 89 100 157 163 192 302 333 511 530 540 554 724 735 945 951 952 998 1013 1014 1079 1118 1122 1384 1415 1684 1687 1820 1883 2183 2341 2454 2552 2936 3067 3079 3081 3097 3302 3426 3460 3489 4043 5255 5260 6064 6069 6698 6722 7346 9348 9858 17166 230 1648 2127 2899 3430 4494 8069 12129 55 77 99 176 599 717 732 889 985 994 1008 1244 1475 1844 3966 4132 4493 7342 7927 8314 8794 9332 2523 1427 68 155 190 852 1300 3769 534 8743 17648 258 864 1004 1249 1899 997 3675 4351 6257 917
175 344 356 360 364 1447 1459 2436 2437 2439 2442 2443 2449 2453 2454 2457 2468 3581 3606 5266 1489 265 291 544 2977 3603
263 5475 187 4975 4130 5124 6698 8743 1014 2130
267 209 300 321 378 498 344 456 2020 221 289 291 307 325 362 403 466 680 691 786 1043 1459 458 1389
685 89 154 195 198 199 206 209 212 220 226 233 234 267 278 288 301 344 512 517 534 554 706 707 718 733 808 841 856 918 964 972 982 1249 1412 1613 1640 1958 2083 2251 2532 2546 2641 2835 3227 3621 3744 5667 6687 8699 8945 308 614 7 826 949 300 857 917 923 1633 1952 46 426 1257 1527 2640 3239 3890 5108 7941 192 1139 1216 1274 2921 5027 71 1098 1687 2923 5105 5914 316 378 851 4272 1261 2778 3110 843 947 954 1130 1337 1491 1523 2168 2931 4359 562 1121 1344 1369 1513 1547 2247 2360 2698 5079 8930 13910 14005 436 846 1131 1240 1660 3545 4535 9346 466 1254 1260 1276 1281 1732 2236 67 891 1360 3481 2387 2955 3729 5065 227 15053 532 1426 546 812 845 1110 1358 1540 3719 4545 8120 17055 333 3354 188 975 1364 1416 2347 2853 3686 6048 977 3160 689 990 9260 14304 724 978 1814 13171 163 2952 3466 1521 1807 2343 3357 3364 13087 961 2341 1372 1705 2062 2901 4543 7152 11927 1034 3471 1803
751 233 278 501 758 841 1186 1613 2179 2380 3357 4375 6196 7008 234 333 863 2747 3461 10620
900 190 5192 5806 9013 375 2092 2102 5089 8398 10226 963 2094
984 329 89 331 377 288
1103 9 11 18 24 30 32 34 36 37 41 53 58 59 61 63 64 70 72 75 81 86 100 153 154 171 173 184 190 193 204 228 229 238 292 295 311 316 349 378 504 533 599 612 697 715 878 880 885 898 961 981 986 998 1014 1027 1061 1066 1067 1072 1119 1151 1293 1294 1295 1296 1297 1298 1299 1300 1301 1303 1314 1315 1328 1336 1375 1384 1491 1556 1705 1711 1713 1772 1787 1892 2041 2179 2459 2531 2783 2824 2935 3188 3289 3413 3466 3676 3889 3918 3988 4113 4153 4312 4316 4317 4318 4871 4876 5927 5932 6387 6698 6903 7343 7448 7514 7522 8047 8866 9302 9869 9980 10622 11205 12201 12890 14680 14750 14752 14766 52 54 57 97 251 257 288 294 301 362 481 515 529 575 903 1062 1116 1253 1332 1399 1595 1704 2605 2716 2794 3109 3132 3875 4117 5178 5182 7298 7643 7700 8283 9860 9892 10172 13393 15795 18297 18587 89 220 291 296 300 310 318 333 342 348 350 359 567 569 576 757 800 807 887 908 1001 1019 1081 1405 1479 2220 3117 3460 4029 7069 7759 8582 8936 10524 10604 11423 166 185 198 209 522 707 735 930 966 1044 1463 4179 5780 4156 7874 328
1367 1580 89 466 524 1037 6543
1534 45 217 486 601 768 1043 1075 1183 1184 1190 1198 1201 1674 2009 2150 2430 3300 3621 4255 5065 5966 8884 5418 5925
1882 1214 17340 1952 3875 5617 9362 14685 2059 7759 15457
104 830 472 918 951 2652 500 425 4708 306 1044 1274 1415 1977 4793 5082 8 421 422 499 526 532 978 1145 1180 1186 1193 1669 1803 1853 1867 2070 2347 2380 2661 2791 4165 4828 6601 7639 8347 8713 841 877 1045 2493 2653 5586 5772 7081 383 2637 3307 89 192 220 230 342 498 510 705 707 898 1038 1090 1188 1764 6453 13939 511 7 55 67 72 157 166 172 176 180 187 198 199 203 206 209 227 228 229 234 289 300 301 302 304 316 320 325 326 328 333 340 355 362 378 386 403 412 453 461 466 470 481 486 490 492 497 507 514 533 534 536 538 540 541 542 546 614 680 683 686 687 693 706 708 709 714 716 730 732 770 779 813 816 840 843 857 868 889 890 925 930 937 957 959 962 966 979 982 1035 1040 1041 1043 1048 1103 1116 1119 1185 1198 1201 1239 1243 1246 1248 1249 1339 1358 1360 1372 1398 1406 1412 1463 1464 1515 1527 1545 1672 1673 1681 1755 1817 1866 1872 1889 1933 2127 2346 2379 2442 2525 2531 2565 2665 2666 2841 2967 2977 3200 3205 3247 3373 3427 3461 3741 3747 3871 3985 4087 4177 4180 4346 4375 4561 4618 4801 5310 5780 5934 5950 6120 6132 6600 6772 8398 9713 11763 11803 14629 16164 2664 1182 1905 3281
149 7 65 71 86 88 97 159 166 190 198 209 220 227 234 266 288 291 292 293 295 298 300 301 302 307 310 318 320 326 329 330 332 333 342 349 366 377 378 403 412 430 439 461 465 471 472 475 481 484 488 489 490 497 511 517 518 523 525 527 534 538 540 542 680 683 708 757 787 790 890 903 907 966 972 1014 1047 1246 1247 1351 1377 1511 1556 1601 1673 1866 1934 2080 2179 2440 2616 3110 3171 3427 3488 4297 4716 4810 5416 5441 5939 6376 6558 6769 7077 7288 8364 14692 15236 67 84 182 187 191 246 256 257 261 270 283 289 306 314 327 355 422 447 485 486 498 524 543 546 733 735 792 900 959 971 981 1026 1043 1044 1048 1098 1116 1155 1383 1402 1444 1463 1505 1507 1520 1613 1674 1768 1771 1775 1793 1863 2024 2393 2407 2462 2983 3193 3200 3205 3502 3767 3796 3920 4260 4387 4793 5934 6132 6137 6177 6544 7724 8707 9230 10685 1397 3367 3413 5191 456 502 697 1590 1684 5119 7449 12890 13395 16746 536 157 898 3373 16324 89 572 2432 8188 1226 1470 5226 727 230 758 2786 11579 889
326 455 2080 4818 55 65 89 257 283 288 292 293 294 306 327 333 342 355 378 412 472 484 511 533 536 538 542 543 545 908 966 1457 3376 469
336 162 163 190 229 234 238 436 517 982 2771 3817 5799 5803 70 198 755 1700 2681 300 962 2139 5586 377 592 743 747 3520 4126 5926 7021 7029 7152 8910 9974 154 173 432 486 726 1400 3815 4609 4852 5806 6252 7895 599 644 1044 5074 11905 1134 1988 2146 6949 562 520 1709 64 1512 4090 1983 703 1394 8026 632
566 614 707 515 733 1394 1414 1416 1886 13397
739 270 4260 8504 8756 9700
791 51 56 165 207 227 863 874 985 1073 1398 1486 2556 3920 5839 6915 14712 15961
829 199 5768 6454 1151 3258
905 65 67 89 97 288 289 292 295 298 300 312 320 321 327 329 331 332 342 349 468 484 498 546 701 903 1047 1052 1241 1520 1556 2521 2598 3057 3200 3205 3376 55 310 311 412 430 525 545 907 2544 4837 10571
948 3259 4384 10515 2524 6295 6570
985 67 89 157 265 283 285 288 290 291 292 294 295 299 300 302 306 310 314 316 320 325 329 333 349 360 377 378 484 498 525 534 538 542 701 714 727 903 907 913 972 1052 3992 6777 317
1130 190 378 498 499 726 1231 1375 6539 205 425 961 4074 9467 11955
1170 403 498 546 1048 1415
1339 498 65 190 199 207 217 228 229 424 533 716 1048 1239 1246 2128 2608 2661
1364 17211 4821 4833 7038 1814 13273 986 2459 2864 163 227 1240 1416 1426 1788 3620 15671 1966 583 2842 7800 10762 13123 14378 200 13972 2873 3993 6506 96 197 580 582 613 1132 2869 3160 3171 6957 6959 7206 8111 8126 8837 9348 11602 8114 9521 11918 5151 7039
1381 423 1423 204 1717 389 991 1109 3310 5914 6758 6761 11819 15160 3691 3700 9336 964 11464
1527 1048 190 432 2614 2815 2131 2591 207 419 446 1390 1517 1988 2652 3293 7187 7276 7663 10327 371 4179
1664 67 70 86 89 97 250 267 276 298 321 330 331 342 359 362 366 430 443 461 468 475 481 492 517 910 925 930 969 991 1009 1044 1047 1155 1197 1405 1408 1505 1520 1545 1613 1705 1853 2179 2247 2344 2364 2430 2524 2544 2546 2818 2984 3081 3318 4039 4728 5030 5065 5119 5313 5440 5772 6047 6453 6769 6902 6903 7290 7515 8136 9907 12288 13709 14638 80 311 314 486 541 777 972 1247 1397 1855 1859 1867 4024 4170 4617 5045 6618 7766 9366 10608 11956 15744 163 174 190 198 227 229 261 291 293 300 302 318 349 355 371 377 378 405 424 428 432 472 484 488 491 493 497 498 499 510 536 599 680 683 687 693 716 726 909 924 929 978 1043 1046 1048 1104 1145 1180 1193 1198 1201 1239 1249 1389 1396 1412 1515 1718 1852 1854 1866 1874 2080 2082 2121 2128 2133 2435 2661 2666 2839 2857 3084 3088 3158 3469 3740 3928 4177 4361 4468 4747 4773 4837 5153 5446 6120 6132 6247 6600 7190 7776 8262 8884 9187 9699 11236 11796 1550 1659 2619 1857 2383 397 1923 2100 8398 2618 3745 951 1034 1974 2214 2959 1181 4351 811 962 2204 189 850 1131 1809 1824 1868 4341 5746 11803 2092 2091 2623 5082 5143 13431
1706 56 374 376 377 978 1116 2094 7639 80 2101 14840 1394 2091 1401 328
1748 239 278 517 518 545 707 724 843 917 942 953 959 978 1023 1116 1339 1372 2179 3190 5079 3081
1782 1274 3541 10977 15688 71 3927 84 333 2521 5421 302 3288 680
1858 176 732 843 1343 2838 512 706 1214
1990 249 1641 6626 16501 1640 6903 14340 4316 1952
2061 89 288 289 161 326 6429 154 157 220 222 257 285 295 300 314 317 318 333 349 378 386 445 615 680 706 891 1021 1162 1351 1591 1803 2360 2554 2738 2789 4165 5169 6819 10069 11510 17326
27 190 389 546 614 951 964 1098 1246 2574 5485 7187 423 769 961
50 56 207 533 65 229 1090 1394
109 732 1091 2363 2372 5010 2784 1249 1803 1810 2341 2343 2782 2785 2790 3480 4165 1366 2789 4180 1360 2350 2973 4460 2346 2796 4807 253 724 735 868 959 1079 1412 2786 2791
205 498 1185 815 1091 1263 2820 4225 4226 173 190 779 850 3197 537 972 1868 3501 11170 768 693 4228 389 418 2210 3817 4232 2693 3411 170 508 758 2154 2383 5117 6240 6414 2771 3995 4108 4230 757 238 759 2204 1188 816 1098 3721 2971 8274 814 2747
236 89 157 209 230 251 290 327 481 521 959 1984 4617 294 314 15744 265 288 289 292 295 302 476 545 4351 8283 227 3080 65 291 301 310 533 546 349 525 913 192 299 320 468 485 501 511 701 907 5487 67 257 330 333 1556 1874 2393 2526 3128 3318 4570 5770 10987 184 191 412 475 528 547 1243 1402 1406 1444 1613 1795 2919 951 1866 3302 3317 4619 5988 6196 6346 8718 159 253 293 344 523 680 975 1076 1225 1414 1684 1767 1860 2083 2179 2738 3019 3310 4385 4705 4707 5789 6708 9302 11139 11395 12567 405 474 486 69 311 317 386 464 465 527 536 575 691 1375 1591 1975 3316 8605 11765 331 1377 2055 2458 2841 2923 3171 3488 3856 4263 4562 5683 6902 8161 8364 13446 155 161 321 322 328 329 332 1455 2022 2226 3081 3373 3460 4618 7448 15920 300 306 355 601 1037 1055 1980 2176 2894 3237 86 279 346 403 544 679 896 1098 1450 1828 2277 8504 9821 17286 204 215 267 276 298 324 578 594 605 689 735 858 962 1772 2698 2922 3795 3878 4565 4616 5268 5474 5787 6618 6621 8184 17437 55 97 234 262 484 531 697 704 777 986 1042 1248 1384 1595 1604 1847 3866 4920 18144 154 238 377 378 461 466 538 610 683 903 915 981 1456 1507 2523 3427 3713 3871 4814 7137 7864 17612 271 362 498 715 1392 1470 1511 1934 2051 14300 190 195 340 352 576 1051 1427 1449 1452 1486 1985 3749 4252 6564 7260 10130 10847 11146 11602 56 81 163 350 572 661 706 709 961 1014 1379 1936 2607 2616 2632 3673 4710 7138 7533 7868 228 237 312 354 423 491 900 1090 1475 1518 2544 2941 3371 4574 6631 9160 10394 14749 88 208 220 229 548 599 728 750 1047 1097 1463 1976 2019 2247 2835 3400 3681 5534 6693 8592 10133 70 72 420 425 857 969 982 1244 1246 1639 1705 1925 1981 2130 2175 3404 7660 7781 8042 8311 8367 12141 17648 868 1412 690 733 716 173 1376 225 424 1974 206 198 2595
249 968 4036 7 190 291 293 300 305 318 325 326 333 371 377 403 412 481 493 497 500 503 536 537 680 693 697 808 810 818 966 1029 1044 1180 1184 1185 1186 1189 1305 1306 1351 1401 1866 1868 2661 2850 2959 3563 4262 4773 4774 5065 5310 5969 518 811 1400 4728 8790 13010 486 2619 4747 6247 1853 3863 682 1188 2621 704 2839 11581
250 952 1343 2183 2463 2558 4130 4180 4784 4975 5165 5452 5841 6722 8555 8743 9347
277 1788 190 1412 10074 1632
413 67 295 302 301 304 526
480 51 91 2936 3768 9865 11243 68 83 1001 1014 1018 1886 1895 6070 6780 7347 9969 13900 72 85 159 875 880 959 998 1013 1019 1061 1072 1073 1802 2488 2569 3481 4211 6064 7344 7791 7880 8367 76 99 874 997 1004 1891 1892 1897 2029 2039 3201 3308 3980 4123 5258 6776 7343 9821 13126 100 2043 2027 98 3941 6073 82 1017 993 7346 15637 18439 2490 7345 59 70 75 79 93 153 187 441 612 717 852 1000 1028 1713 1878 1881 2552 3292 4155 4156 4493 5254 5260 6150 6732 6784 7076 7342 9253 9321 11602 1413 1884 1006 1027
490 7414 518 821 837 4136 53 89 167 172 173 182 196 199 207 209 228 229 230 289 298 300 302 324 377 378 389 424 425 464 486 487 498 500 517 539 542 546 680 701 715 726 757 779 930 946 955 1034 1041 1045 1048 1090 1091 1198 1383 1400 1406 1512 1659 1673 1705 1707 2014 2038 2435 2839 3198 3200 3564 3901 4137 4704 5079 5260 5459 5544 6453 6548 6657 6915 7157 8274 380 3367
491 163 583 706 707 841 843 918 1360 1369 1372 2765 846
899 1043 324 471 1038 1198 1201 1182 1674 403 537 540 687 691 1035 1246 1678 5067 5950 6453 6601 16002 2653 328 1040
950 25 176 227 732 917 918 1416 1810 2343 2787 2838 2973 5812 922 1372 3471 5165 724 1366 1809 3071 4460 8386 733 4119 4180 1414 1803 1808 2780 4458 5157 163 1261 5365 3480 7054 10768 4165
1008 1130 3417 815 1708 12495 512 818 1195 2593 3364 6764 9457 12703 14208 418 8464 441
1232 72 159 441 599 1083 1713 16
1387 1377 233 486 2143 2469 3501 4117 8676 10608 590 682 1384 6594 3464 15675 220 2054 3019 11155 1383 63 191
1490 198 377 472 492 811 1044 1540 1672 2379 4103 12780 6133 808 1338 2062 2961 500 835 1180
1498 599 718 735 1150 1884 4609 4805 5258 7533 9324 1384 1098 2027 1964 2531
1573 65 173 190 196 199 203 207 208 212 220 227 229 298 403 425 427 433 437 464 470 487 488 498 501 533 546 618 680 716 718 857 906 985 986 1052 1098 1159 1190 1244 1390 1510 1512 1515 1609 1632 1680 1764 2013 2591 2616 2619 2653 2738 3057 3288 3293 3558 3749 3754 4058 4069 4166 4384 4810 5428 5785 5934 6231 6374 6601 6847 7650 8054 10630 11819 18087
1630 423 154 220 447 632 961 1089 4734 6159 11053 18363 64 1094 6913 8586 716 2405 1643 1943 2610 7079 8584 418 604 7187 238 5182 755 1731 17490 88 190 416 601 689 854 969 1099 1142 1811 2139 2535
1707 65 221 234 429 436 707 735 851 854 867 868 947 961 982 1369 1470 1527 1639 1660 1817 1917 2316 2339 2632 2742 2786 2840 2855 3280 3945 4359 4742 4802 5844 7227 8340 9468 1249 3929 4194
1760 1974 85 173 198 233 489 614 993 1464 6732 8215 5890 917 10859 722 854 1179 7530 72 923 1122 1142 4130 56 154 288 441 468 519 612 768 785 808 856 857 920 999 1005 1083 1104 1398 1531 3444 11042 757 1401 1943 2609 3216 6043 7343 226 412 427 514 1099 1410 2818 84 4022
1809 10535 230 383 1874 28 481 1041 1043 924 1351
119 517 724 813 824 846 917 923 924 930 936 951 1339 1527 2963 2969 461 1464 2966
172 1394 3333 173 1400 539 8586 1409 3427 80 547 2614 703 1099 13425 2821 485
292 163 227 3481 5296 1411
340 55 67 89 163 174 227 234 250 286 289 291 292 293 295 300 302 320 333 518 525 614 701 868 889 903 1249 1377 1412 1604 1935 3310 3464 3739 3795 4567 4572 5844 5848 9840 349 1580
484 6245 732 4297 3057 407 1127 661 51
692 1464 9287 1073 1242 1686 1709 2265 2459 2638 3065 3071 4520 4782 1244 227 2458 3896 9302 157 1081 1414 4705 8573 1098 1825 5375 100 455 585 717 987 997 2902 2936 3019 3313 4493 4915 6708 8309 8558 8803 8812 9296 10628 14480 1804 1882 7935 8545 9289 51 1002 3012 9255 56 1225 1416 17516 570 959 1004 1891 2523 3008 3015 3748 4541 9299 1820 1998 2559 2609 3308 4785 5257 5258 6777 6782 7436 8546 9424 10027 15249 17515 998 2029 2488 3557 4348 15751 187 285 1834 5254 55 999 2021 3982 4180 7927 10130 85 975 1469 2419 3067 3070 3281 3426 3675 3993 5123 9418 10351 163 212 985 986 2693 4351 6362 8314 9423 9647 12129 13450 15584 18040 599 1160 1879 2899 3677 7427 17437
723 290 292 295 349 355 701
750 879 977 982 1348 1216 1929 757 2847
1114 498 533 955 159 1116 3399
1128 89 289 292 293 298 300 307 333 498 534 546 680 1052 693 190 344 1590 2839 2435 288 528 5926 466 704 2020 3399 486 403 989 7449 229 302 461 536 525 1034 291 682 2619
1148 86 175 906 1073 1343 1632 1705 2018 3614 4707 27 607 4784 5475 6736 1800 5780 54 4319
1679 18 930 1090 3087 4609 32 209 228 377 504 512 1091 1295 1298 1301 1303 3188 3367 3767 4917 173 1075 5609 6008 190 486 768 1066 1277 3084 3109 6130 7078 7187 8350 9144 10310 2 16 19 30 34 65 72 153 154 159 163 198 207 227 229 234 418 425 460 494 499 510 515 709 735 758 813 876 959 1048 1179 1195 1275 1296 1297 1339 1375 1412 1517 1534 1700 1787 1917 1919 1954 2044 2154 2383 2614 2747 2940 3191 3195 3371 3432 3769 3833 3988 4173 4226 4312 4317 5581 5653 6193 6760 7639 8298 9141 10583 4 7 9 36 37 44 45 70 333 371 424 467 487 488 514 518 519 524 536 544 878 978 1114 1146 1294 1300 1400 1512 1514 1515 1516 1673 1711 1712 1714 1786 1797 1863 1872 1910 2014 2128 2133 2206 2343 2785 2820 2851 3184 3190 3244 3732 3827 3882 4135 4189 4225 4255 4318 4432 4871 4872 4873 4874 4985 5030 5079 5605 6256 6548 7180 8042 8853 10082 10525 10864 11517 13754 14286 10 51 81 89 156 172 187 200 226 233 306 389 436 450 732 834 964 1001 1062 1072 1113 1131 1243 1336 1701 1709 1854 1868 1870 1885 1892 1977 2183 2380 2432 2478 2526 2691 2775 2831 2936 2944 3240 3302 3551 3768 3796 4218 4821 5113 5217 5672 6252 6289 6570 7512 7775 7947 8347 8369 9242 10069 10535 10622 12668 174 203 497 546 1097 1246 1410 1788 1923 2369 2524 3196 3237 3429 3660 5670 11087 14692 230 880 1181 1185 1988 2172 2174 3438 4922 5065 6237 9869 14549 25 755 785 814 815 861 1099 1191 1203 1374 1855 1974 3242 4228 4876 6843 9761 10478 11817 14840 31 496 517 1705 2956 3893 4387 5117 5658 7522 8420 1256 376 1180 217 355 1292 1293 1314 1335 1381 1390 1398 5099 7274 88 481 538 631 703 2075 3771 4179 3462 67 171 221 506 509 535 592 599 704 867 1332 1351 1376 1384 1778 2091 2092 2130 2347 3289 3308 4541 6374 7096 7327 8 182 208 428 716 1929 1933 2100 2131 3200 5806 6182 981
1690 55 58 67 89 289 298 300 430 535 546 680 980 1097 1243 2025 2094 3057 3198 3502 3730 4704 8283 8589 423 532 906 526 689 901 12013
1734 190 295 321 327 462 498 912 1180 1388 1596 1604 3320 5746 493 537 681 257 482 2783 294 468 6389 300
1846 2902 8309 14480 227 733 945 959 2265 212 215 461 475 321 331 707 728 906 1468 2463 2478 691 8422 570 572 986 1244 2459 3019 3310 3795 3896 5382 7436 8122 8314 8545 679 8807 157 590 3003 3008 3015 562 251 96 300 1242 161 176 288 538 686 704 889 1042 2083 2121 2137 3067 3206 3317 4369 4562 7266 9287 55 67 71 166 192 220 253 278 279 287 292 457 468 533 554 585 599 614 706 717 718 720 735 868 892 1116 1160 1239 1246 1382 1384 1397 1414 1416 1426 1464 1489 1513 1705 1900 2009 2023 2352 2444 2457 2467 2625 2857 2901 3065 3071 3444 3458 3464 3667 3675 3938 3978 4130 4251 4257 4495 4883 4920 4978 5169 5257 5434 5844 6130 7725 9907 10016 10627 12752 14930 17075 18117 18288 163 209 217 230 234 360 403 412 437 546 681 734 972 979 982 1225 1412 1772 2558 2665 2893 3070 3606 3768 15584
1889 163 227 562 599 607 706 712 717 728 857 877 959 1358 1372 1411 1412 1413 1414 1464 1803 2265 2343 2347 2787 2796 2854 2861 2899 3481 3774 3888 3921 4124 4180 4251 4675 4784 5172 5452 6362 8794 9419
2 52 63 73 96 995 6160 6177 9322
61 1763 73 163 176 196 220 227 316 418 615 863 952 1109 1146 1343 1412 1729 1755 1771 1778 1783 2075 2277 2419 2565 3205 3741 3747 3938 5925 8264 8504 9822 11416 58 389 421 518 706 726 727 1098 1112 1114 1263 1415 3426 3458 6756 7248 12141 71 1416 360 2055
278 67 257 289 291 292 318 329 474 157 293 386
370 55 58 65 71 72 86 89 154 155 167 171 172 173 195 197 209 210 221 225 226 228 292 296 328 342 344 349 362 408 420 472 498 511 533 537 599 615 718 722 789 878 898 903 966 986 1016 1026 1062 1094 1097 1179 1244 1249 1375 1383 1459 1464 1772 1854 1866 1988 2018 2176 2352 2436 2439 2442 2454 2524 2526 2544 2614 2775 2843 2941 3104 3171 3411 3427 3589 3616 3676 3863 3928 3948 4179 4263 4385 4487 4810 5266 5480 5926 6231 6249 6291 7874 11070 11236 53 215 377 386 423 982 991 1001 1048 1090 1384 1413 1520 1873 2608 2745 3081 3753 4103 5099 6247 7140 7194 189 951 1463 2632 4620 234 1985 403 493 856 2044 2277 7643 7644 66 182 205 251 310 416 418 504 602 727 1098 1106 1131 1243 1424 1556 1648 3756 3859 5553 8264 8504 8844 10327 10864 327 311 359 728 860 1376 1397 1983 3198 4915 15544 488 500 501 4257 4384 466 622
622 964 152 2473 440 616
645 157 163 212 227 246 253 261 265 289 294 298 301 340 498 601 610 612 633 683 714 903 981 983 986 1073 1150 1242 1459 1743 1764 1767 1833 2080 2136 2176 3046 3119 3741 3749 3795 3886 4495 4796 5257 5420 5745 5787 6721 7197 7206 7227 7436 8594 8763 8837 8988 9032 9424 9699 9713 10213 10412 10626 10630 10638 11084 11480 11736 11763 11764 11927 12071 12599 12817 15457 18363 296 465 511 592 613 625 1122 1795 1835 1934 2050 2469 2861 8758 10891 11477 569 578 1755 1763 3861 13446 7644 14669 197 421 1123 2075 2394 2988 16862 8229
712 221 532 682 716 896 1048 1127 1376 1609 2610 2823 3461 3693 5150 5547 6382 7276 7945 9484 11421 12918
1020 493 500 687 4165 403 464 732 917 1415 1180 498 1035 1863 333 377 212 951 982 1198 1244 1513 470 1189 257 321 966 1247 461 10681 227 533 707 1672 475 959 1044 1249 288 466 4024 497
1124 293 518 528 3198 5932 405 686 362 2025 2083 89 289 4575
1255 962 2398 6414 59 55 5547 72 1504
1323 198 209 229 233 498 501 537 1246 1375 1378 1786 1876 4173 412 1040
1543 174 917 928 936 1343 946 163 1491
1594 1502 441 58 154 190 227 728 856 1114 1424 4793 5745 10969 215 2624 2542
1662 301 1413 1795 1835 2605 2811 3861 10519 13972 613 7060 9366 12868 65 67 69 234 252 278 295 329 538 576 617 1613 1620 2031 2222 2226 2236 3015 3171 3488 4598 5982 9433 12893 15457 15920 257 271 331 1828 267 276 683 1414 5787 249 2931 18144 314 4710 3004
1709 3892 5237 2861 15675 227 72 1414 1416 2394
1780 693 528 908 3397 1441 89 257 288 292 295 300 344 461 466
1989 63 975 1709 2330 4123 7157 7821 18094 73 151 1800 6755 15675 5891 7018 18039 418 6756 9353 3863 4126 69 71 697 727 963 1226 1383 1705 2075 2419 3164 3992 5346 5713 7700 7814 7837 8283 8802 8853 9043 12890 16860 18040 5325 8445 16862 18229
2022 191 198 333 377 486 726 978 1470 2080 3753 6006
127 176 945 951 952 965 3097 920 2062 3088 3087
229 467 646 1505 1621 1795 1935 2018 2019 2050 2227 2252 2395 2571 2906 2919 3866 4585 4705 7290 14240 18144 7 65 166 178 288 298 314 322 344 523 534 680 689 715 757 854 901 1183 1398 1444 1580 2021 2121 2840 3128 3603 3795 5035 5266 5267 10180 10677 16 30 39 70 72 154 181 190 198 205 209 229 230 258 295 316 333 349 362 370 377 403 412 420 425 430 437 470 471 489 497 499 510 511 517 518 526 528 599 627 707 750 768 805 815 852 858 867 898 917 918 923 946 1009 1027 1040 1044 1048 1062 1066 1104 1106 1109 1114 1116 1150 1180 1181 1185 1196 1201 1298 1351 1510 1632 1752 1814 1833 1853 1854 1868 1934 2020 2044 2054 2062 2149 2214 2542 2552 2618 2619 2661 2796 2940 2956 2959 3057 3081 3129 3416 3456 3616 3673 3735 3739 3744 3767 3878 3929 4173 4262 4616 4773 5079 5100 5667 5670 5929 5969 6181 6193 6461 6543 6631 6728 6997 7449 8054 9032 9187 9765 10127 10385 10402 10526 10827 11155 11186 11517 11739 12710 13558 17644 38 197 207 228 371 487 488 522 726 889 955 964 978 1043 1083 1098 1384 1684 1985 2014 2091 2415 3124 3184 3197 3354 3425 3429 3465 3477 3893 3901 4135 4136 5487 5709 5731 9141 10973 69 159 424 812 830 1274 1673 1743 1777 3239 3563 3719 4089 4143 5105 6726 7941 12780 4747
411 330 1641 2179 475 6618 6619
436 99 171 253 856 868 951 3920 8042 72 212 228 424 511 533 562 689 735 860 965 969 1089 1412 1424 1645 1652 1767 1873 2490 2531 2606 2640 3354 3617 4311 4807 7352 1244 2938 2350 599 585 7239 5375
465 969 10515 199 233 190 1376 1713 6823 1510 434
574 6120 234 533 2352 396 946
616 7 25 154 184 188 190 191 198 204 220 228 230 234 235 377 405 408 472 486 488 490 496 503 504 511 514 519 521 540 706 707 709 710 724 726 806 812 824 841 846 912 917 918 920 923 937 947 954 955 966 978 979 982 1044 1110 1116 1121 1131 1145 1247 1249 1274 1276 1339 1347 1351 1360 1412 1527 1531 1639 1854 1873 1914 1974 2346 2352 2379 2380 2446 2744 2746 2765 2956 2963 2969 3238 3660 3946 4179 4271 4567 4616 4971 5217 5485 6249 6957 7116 7775 8259 9193 10069 10525 10954 12567 13688 15975 6 12 45 157 173 182 226 250 493 500 538 820 843 952 953 957 959 1053 1055 1118 1257 1259 1261 1338 1349 1364 1372 1377 1672 1852 2835 2966 3097 3459 3719 3758 4439 4572 6127 6730 7639 8350 9416 1344 1522 1341 1523 1526 3717 1337 2763 5100 5105 5366 10768 14305 18137 2211 3637 5818 830 1216 1524 3088 7331 210 821 1406 1652 2002 1179 1206 1689 2347 810 2975 4342 8386 47 1275 2370 2654 2794 2961 2970 4432 6257 8347 826 1281 6264 14304 837 12780 942 1342 5526 3084 943 2172 1519 2360
939 209 492 518 834 2062 6249 227 498 507 809 811 826 1044 1372 1672 2352 3548 3735 4178 4747 4934 6014 9716 230 257 295 310 317 436 466 493 500 503 512 517 528 533 701 810 825 831 835 842 953 1043 1100 1116 1145 1188 1196 1200 1541 1673 1854 1861 1863 1868 2387 2574 2940 2966 3171 3545 3769 4136 4346 5100 5667 5673 9242 14549 17953 497 499 686 691 768 805 816 830 955 1171 1176 1183 1540 1547 1853 2014 2579 3027 3028 4102 5966 10309 11581 17895 89 157 191 294 300 301 344 370 377 486 540 779 813 815 823 841 846 854 909 1505 1585 2009 2379 2381 2840 3124 4171 4940 5459 5968 8277 405 489 930 2168 2206 2211 2346 5143 7724 234 487 839 843 1249 1358 2429 6257 683 1099 1190 1866 2544 3236 4166 5079 15053 814 845 1198 2789 3621 14305 1691 806 548
954 30 72 535 1001 1062 4880 1296
968 226 533 2792 3371 703 432 1242 863 746 1504 2139 2530 2480 4384 2533
989 1553 4709 418 444 6756
1088 230 333 412 470 481 498 536 816 1041 1045 1185 2432 2847 4468 1180 1200 1246 3398 4211 4346 6247 980 917 1555
1275 51 56 58 59 61 63 65 71 72 99 154 159 163 166 172 173 176 178 180 182 187 190 193 203 206 207 210 215 221 225 226 227 228 234 253 261 316 380 389 426 428 429 436 441 453 511 518 533 534 546 563 599 709 712 714 715 716 727 735 854 856 857 860 868 877 889 905 959 962 965 967 969 985 989 993 1000 1001 1013 1014 1015 1081 1090 1103 1110 1122 1239 1375 1384 1394 1398 1415 1416 1424 1652 1660 1687 1713 1768 1771 1813 1814 1817 1873 1884 1889 1892 1977 1988 2121 2277 2463 2531 2544 2558 2565 2606 2637 2742 2853 2901 2936 2938 3057 3106 3200 3206 3281 3308 3400 3460 3469 3475 3739 3768 3921 4129 4130 4493 4978 5123 5165 5416 5550 5772 6422 6677 6852 7157 7187 7266 8042 8668 8707 8794 9321 9332 9467 9485 10526 10715 11739 14638 15038 17075 562 945 3797 4704 11487 423 450 966 1151 1244 1470 2346 3110 3427 3672 7074 8549 1481 5417 437 96 991 2131 3119 1240 1520 18297 1806 4784 425 903 3156 4384 1632 433 4819 1772 2786 8710 8594 3070
1358 1264 65 181 188 370 506 809 815 841 846 883 917 920 949 1118 1131 1132 1204 1216 1274 1521 1672 1917 1931 1992 2014 2370 2579 2654 3421 3788 4170 4268 4271 4275 6957 8696
1419 198 389 533 1410 2179 2449 8161
1465 173 302 476 697 722 1377 1409 2014 3459 3871 3982 4487 4756 72 225 291 504 526 532 757 2616 2977 3754 6594 7775 58 229 437 457 1099 1380 3576 152 233 310 518 701 858 1097 1392 4252 7864 18555 80 297 1781 4439 6920 8589 14761 14774 955 4566 9160 438 464 486 5412 89 3730 3738 4025 534 5459 1113 1778 2579 4216 378 4137 195 2610 3258 5099 7320 167 292 3491 9977 2605 6303 14645 2711 262 445 484 500 548 690 1512 1633 2582 4170 4724 10608 14549 830 8758 377 1401 5071 5630 1032 1878 6582
1486 53 65 88 157 159 163 173 190 203 207 210 220 221 225 227 229 230 234 306 324 329 331 332 377 412 424 427 428 432 443 484 486 491 493 511 536 540 620 687 693 709 716 733 851 854 856 857 875 907 969 982 986 1048 1089 1090 1091 1107 1116 1179 1186 1239 1246 1400 1412 1514 1515 1516 1517 1520 1534 1620 1650 1689 1814 1866 1977 1985 1988 2121 2127 2128 2131 2133 2176 2405 2487 2488 2524 2537 2600 2606 2614 2665 2815 2923 3292 3373 3398 3461 3469 4316 4566 4609 4616 4742 4805 4821 5001 5030 5310 5429 5440 5926 5969 6196 6223 6226 6453 6726 6852 6997 7180 7190 7320 7325 7663 8418 8656 8710 8718 8830 10327 10621 11230 11933 15100 59 1512 1873 2531 2666 429 441 1377 2607 1083 51 852 868 997 1003 1004 1079 1479 2552 2554 2559 3264 6778 7054 11336 15249 18439
1629 63 163 378 506 592 1109 1705 2745 4126 4988 8853 51 65 151 154 157 176 377 418 730 877 963 966 978 1132 3876 3966 4123 4880 6957 1854 3776 7324
1723 9 19 24 32 34 37 54 57 59 61 65 72 81 151 154 173 175 190 193 203 215 238 429 433 441 515 599 615 697 763 859 861 874 875 878 969 1017 1027 1085 1089 1123 1130 1175 1277 1292 1294 1295 1298 1301 1303 1335 1384 1418 1534 1707 1709 1715 1794 1801 1886 1888 1891 1897 2040 2531 2535 2542 2606 2681 2936 2938 3164 3201 3279 3280 3287 3290 3413 3421 3441 3469 3613 3676 3875 3884 3920 3992 4113 4318 4622 4871 4875 4877 5200 5480 5718 5833 5911 6151 6732 6743 6764 6852 7142 8369 8866 9144 9321 9324 9338 9629 10847 15639 16323 858 2487 159 1121 3285 9362 13754 16373 425 621 910 945 1203 1770 1787 3117 3893 4920 4923 7152 11765 103 418 1109 1731 7119 9470 1009 1700 9353 9862 1394 721 2041 6758
1745 816 1195 1858 2840 3721 4100 8464 2608 2051 454 8277 7810
1972 964 1222 17189 12868 3440 5346 7060 203
176 51 72 223 225 233 1075 1810 3576 227
342 157 173 1117 2346 599 163
347 377 488 517 978 1360 2956 5939
395 917 978 1044 1104 1145 2380 2744 377 447 7 1368 2379 854 63 188 370 517 813 841 843 918 954 1099 1257 1274 1523 1527 1712 1974 3637 3719 5105 7423 18137 845 3028
556 191 265 1383 65 418 3213
569 234 288 291 1047 3376 4817 4819 5237 6132 3324 332
608 4785 8546 8558 8567 227 389 562 570 585 706 717 990 1081 1227 1242 1244 1372 1416 1639 1694 1802 1804 2441 2459 2742 2796 2834 2864 2901 2902 3230 4125 4538 5375 5382 5432 5452 6064 6362 7239 7411 7937 8545 8549 8555 8573 8812 10754 11769 13450 13599 14480 15301 15527 17211 18656 176 187 360 735 892 1004 1220 1415 1427 2343 2454 2630 2869 3282 3482 3605 3606 3765 4251 4724 5434 7800 7880 8309 8559 8807 9296 9419 9478 10130 10748 10762 15989 166 718 967 1360 1684 2183 2558 2899 3460 4493 4620 4780 5258 5260 6732 7224 8314 8422 8818 9287 9926 14378 15249 96 159 180 192 212 220 340 534 554 724 732 951 979 997 1160 1369 1459 1811 1886 2013 2029 2449 2463 2546 3313 3581 5156 5767 6165 8313 8795 9348 10412 15027 17644 594 733 857 889 1079 1249 1414 1469 1513 1883 1892 2059 2265 2351 2439 2786 2788 3070 3071 3160 3470 3921 4978 5257 5550 6458 7248 7927 8312 8803 9347 9424 9435 10627 10630 10638 12623 193 257 489 715 1001 1110 1122 1413 1479 2571 3302 3859 3876 4915 5168 5296 6140 6777 7039 7148 7157 9352 9426 11455 11849 13156 14509 250 302 1132 1425 2554 2560 2638 2854 3465 3889 4369 4723 5629 7068 8994 9299 9427 14685 17166 18117 294 563 750 856 975 2787 2842 2937 4363 4975 6181 6291 6959 7054 8311 8340 9433 11336 12599 15457 93 533 711 734 1412 4263 5123 9418 9423 18040 95 730 874 1478 8743 8802 4458 597 686 2570 3308 6780 8794 3106 3774 3589
690 67 89 229 257 261 306 340 641 1243 701
916 67 89 157 256 257 261 279 283 288 289 291 293 295 299 301 310 311 314 316 318 320 321 325 327 329 333 342 349 366 429 455 456 457 461 465 479 484 523 525 543 575 646 681 793 903 908 913 1052 1054 1231 1246 1247 1453 1470 1556 1772 1937 2055 2082 2393 2427 2523 2546 2984 3173 4850 5787 6137 6389 14240
917 159 198 424 487 512 519 978 1244 1547 2062 2835 3333 4346 8350 510 1520
953 89 207 227 403 498 546 629 1047 1502 1517 3200 3373 2121
1190 84 208 425 432 618 1075 1155 1396 1787 2587 3502 7743 13009 64 1745 689 1412 2786 162 231 3767 440 3902 6759 1510 225
1247 289 325 67 55 292 461 1985 89
1362 383 503 707 808 1412 2343 2850 3354 3442 3737 5636 7625
1596 163 220 227 554 562 706 709 712 733 735 868 959 1249 1369 1372 1412 1639 2346 2351 2786
1653 72 1072 1167 77 689 1097 173
1672 163 423 868 1504 1934 2277 2593 2606 2786 2857 5844 5912 5913 5917 6883 14299 59 159 228 420 424 436 618 875 1888 2030 2488 2708 2821 3280 3694 3738 6217 6296 7324 8595 72 1062 2279 2582 8026 8678 562 592 690 3201 10394 7 53 67 81 84 154 173 190 195 196 197 206 208 212 216 217 223 226 231 233 238 418 428 429 433 440 441 580 599 608 622 709 748 862 863 896 959 962 1075 1097 1098 1104 1131 1164 1167 1424 1426 1512 1632 1633 1639 1732 1746 1787 1790 1824 1878 1941 1954 1958 1964 1976 1986 2281 2402 2405 2475 2624 3475 3691 3693 3700 3861 3886 3902 4025 4251 4316 4384 4704 4732 4735 5547 5918 5927 6137 6189 6374 7060 7327 7644 7743 8438 8676 8919 9484 9974 11181 11464 11819 12026 12976 14096 14435 14645 14666 15637 16055 17873 70 126 520 532 570 606 610 744 901 1151 1764 1801 1851 1943 1945 2145 2175 2538 2672 2673 2831 3110 3200 3689 3767 3988 4092 4119 4199 4444 4918 5412 5414 5549 5914 6763 8068 8230 8790 10005 10517 10522 10738 11155 11244 11416 12002 12718 13375 18008 4117 565 583 3230 4058 13427 1072 1079 3109 3300 4382 8123 2139 3292 8120 861 2136 2137 3290 3306 3771 5932 8582 9498 10616 11963 3614 12918 13672 746 11352 3673 4863 15639 858 2668 3920 5299 6547 2938 1957
1773 89 190 289 310 318 5746 306 701 722 1505 5072
1887 944 1119 2003 2006 4613 7902 7802
1947 748 1075 88 210 488 969 1104 1131 1151 1239 3109 703 1376 1118
2076 542 1763 1098 3200 5745
2094 89 291 300 307 325 344 356 364 461 464 793 966 1447 1459 1462 1905 2436 2437 2439 2456 3397 3584 4487 5266 5267 15975
13 55 67 89 293 333 298 3397 1580
118 377 1406 2940 2941 2959 1974
123 154 754 777 1099 1801 3026 3033 779 210 816 1541 2210 3030 88
352 89 288 307 349 471 498 680 982 1376
503 182 289 2025 55 325 2130 352
513 7644 223 7643 64 173 212 225 226 445 604 618 982 1119 1400 1510 1609 1633 2524 2708 2823 2824 3293 4119 1663 222 170 1127 7642 10618 3706
691 10650 64 81 173 190 204 498 703 930 3411 8701 2542 89 170 499 10385 18555 1691 548 292
711 157 707 917 952 1249 1810 4180
852 4292 352 906 2020 292
858 157 484 488 1401 5746 544 3171
1023 67 289 292 55 89
1061 583 917 966 1244 1738 2894 4027 4155 7260 8126 9840
1449 209 230 475 491 730 2570 2931 3670 6619
1491 207 225 289 432 441 525 757 1075 1396 1978 2587 2693 3196 3293 3300 4704 7071 65 157 173 236 298 416 425 1055 1244 1400 1632 1975 1980 1982 1988 2398 2538 4732 6032 13010 14645 4064 89 210 524 632 1099 1109 1398 1409 2818 4384 344 461 1767 5149 3738 4025
1806 8027 89 757 1732 622 195 445
1852 2044 701 5249 1432 4149 1130 6522 641
1963 71 89 161 167 215 221 251 265 288 289 291 292 294 295 296 298 302 314 317 323 331 344 349 475 484 712 800 915 1001 1076 1243 1459 1694 2498 2840 3067 3491 4351 5683 9296 377 892 1051 1121 67 718 257 461 466
2067 1541 4170 8462 2214 2576 4002 763 1550 3999 4004 18530 837 815 820 1551 2850 5667 5799 14208 198 507 823 843 954 3043 4271 5968 7724 10650 13847
23 27 152 159 162 599 631 751 852 855 856 860 861 862 863 875 880 883 1013 1089 2542 3364 5603 6130 12515 1062 72
163 344 461 891 892 1489 1694 2392 2437 2454 2465 3603 3605 3606 3765 5266 5267 5767
183 72 599 2531 3200 10848
237 424 429 533 2134 203
488 51 154 166 172 190 206 222 226 228 229 245 389 418 424 511 562 575 607 727 730 868 900 961 1098 1122 1131 1383 1412 1639 1660 1747 1813 1847 1958 1977 2044 2265 2441 2465 2630 2786 2823 3057 3110 3195 3201 3400 3460 3464 3466 3475 3482 3890 4115 4251 5217 5790 6756 6759 7248 7404 7411 7414 8111 8853 8936 9418 9433 9467 9699 10016 11185 11899 12357 12752 225 423 614 858 860 885 959 969 982 993 1116 1426 1772 2444 2560 3230 3635 4073 4089 4780 5264 5629 6165 7039 7625 10412 15027 444 1375 3777 5844 9470 11974 1090 689 1239 1416 1469 2127 9348 9423 9647 163 227 250 425 632 716 763 1390 1415 1418 1425 1515 1976 2469 2834 2857 5434 6159 7177 13368 14435 15527 207 1422 2742 3106 9427 10526 174 454 981 1240 1400 1414 1731 1873 2828 3815 4049 4064 6758 8027 12718 162 436 7382 11272 13000 1118 4232 606 1048 238
609 67 157 206 208 234 289 425 432 441 868 1650 3371 5746 6374 154 302 324 332 1424 1453 2019 2638 288 301 2018 703 1243 8589
744 680 289 377 475 498 518 726 930 936 955 966 1021 1338 1339 2619 3940
847 239 292 298 489 528 979 1449 1892 2439 2457 2653 3796 7449 8504 9084 14240 14930 65 355 364 403 2277 2436 3081 3856 5767 7290 7321 11062 89 279 295 302 317 378 482 490 545 985 1375 2018 2839 4257 69 297 329 546 1247 1377 1441 1511 3427 4177 4566 3445 548 1182 1201 1854 4252 4562 4708 691 1244 2392 3097 257 291 299 309 474 476 484 962 1470 1507 2941 3946 6249 7340 3859
862 89 289 430 498 1034 3198 4706 8589 532 3502 291 292 300 528 1246 10681 58 203 386 466 691 1990 4704 5547 1098 526 2022 1485 4707 12013 535 697 901 3404 5079 7660 797
888 7 56 63 65 93 151 190 227 229 230 234 377 378 389 407 481 488 518 520 536 727 930 968 1009 1099 1186 1226 1406 1470 1714 1800 1874 2469 2509 2961 3106 4036 4177 4439 5605 5713 6177 6257 6755 7193 11193 12928 171 490 1854 4136 5939 162
942 323 360 674 1451 2018 309 325 349 680
1372 51 159 429 56 65 154 182 190 227 424 441 858 980 1075 1512 2582 3109 3730 4387 5027 207
1514 59 61 72 993 1425 1900 2469 3768 8069 63 67 862 880 1001 1062 4308 7934
1567 161 701 479 5487 679
1792 580 607 1412 1426 1639 5416 163 176 212 227 245 554 570 572 583 585 728 732 733 868 1369 1372 1469 1813 2346 2742 2786 2787 2834 2855 3470 3475 3481 3778 4087 5660 5688 6541 7056 8123 8794 10620 13123 578 630 730 959 1121 1123 1351 1415 2343 2842 2853 2864 2899 4796 220 735 3019 5745 5844 6137 2342 727 8111 562 990 1110 1230 1242 1806 3458 4251 15989 575 4784 5665 46 1358 565 599 1112 4790 9271 16333 17766 581 707 1139 1175 1413 7047 7119 584 4782 12752 13269 15301 15749 16949 2894 4126 8126 1124 1411 6165 10969 1833 2871 3776 4675 5365 5301 3476 2040 14950 1468 920 1422 918 9347 9598 2446 18117 2013 14378
1830 1145 207 234 903 932 1044 1274 2544
2020 198 3237 4570 295 2351
2081 163 234 430 709 733 1412 1424 2083 2614 3617 4064 12079 12165
349 5067 1035 4100 5966 839 1204 2429 3200 3721 4387 757 328 4774 3247 3712 5069 526 644 5932 1041 5968 2185 632
357 1376 3053 51 52 58 59 69 72 99 154 159 187 206 229 234 420 423 429 432 441 444 450 517 572 603 604 606 718 734 772 875 969 985 998 1090 1098 1099 1151 1244 1249 1375 1400 1505 1517 1745 1752 2149 2582 2675 2691 2938 3279 3303 3730 4153 5785 7694 7880 10518 14744 14752 14766 14768 16053 55 1883 1890 4735 5547 5912 17873 64 81 84 233 237 599 735 868 1062 1079 1106 1122 1155 1394 1990 2824 4734 7079 7324 703 8510 9766 697 1504 1965 2602 3466 3502 3694 5192 8678 2672 612 1017 1878 67 225 548 857 858 896 962 1073 1083 1103 1109 1609 1943 2029 2134 2480 3026 3411 3686 6950 7075 7885 14666 70 863 874 1048 1379 1787 2139 2226 3797 5913 5926 6177 8832 14774 889 1814 757 2137 7343 217 748 6032 8026 180 1945 1950 1963 10616 1946
391 1188 2154 3833 7008 498 1043 2435 4923 461 470 493 691 1180 1541 2940 230 697 3079 4226 4385 7777 10478 797 5001
557 18 159 498 506 518 614 716 871 1066 1099 1295 1300 1301 1303 1383 1976 4382 4874 5480 6237 6548 10069 10524 14435 32 151 156 181 191 450 487 985 1263 1292 1418 1534 1700 1711 1713 2014 2075 3195 3564 4113 5079 6677 7512 8042 15037 493 707 965 1914 2441 2786 3405 3558 11518 11520 2938 3771 11186 17 1379 3556 10478
612 55 65 228 229 1243 1400 1409 1392 544 2020 288 1390 532 4435 461 1090
785 599 1768 1771 258 4819 1 159 227 270 340 390 709 735 889 1098 5416 6721 9700
800 868 957 2343 707 1803 1810 2013 2463 2569 2834 2864 3476 4341 5901 8795 9419 9919 599 1274 2629 3779 18656 503 709 728 806 811 812 824 922 1412 2780 2969 2970 3549 6289 1202 6362 11581 2361 4165 4985
846 3740 2026 2486 3508 234 3447 1222 2624
955 4348 55 95 230 969 1151 3503 8991 468 1090 3303 8998 1821 1826 1832 10130 11336 17281 536 578 2316 11631 285 2339 7193
1007 157 161 285 295 360 468 475 578 1244 1475 2220 2861 3302 3316 3667 5123 5988 8314 8364 9423 11062 89 192 265 299 331 356 966 1444 1489 2439 3306 3313 4883 6777 8184 8312 8743 8991 9287 11085 11336 11769 55 187 329 455 465 472 2554 3104 3464 3859 4371 5124 5780 7927 11185 257 288 292 304 469 718 1459 2442 2457 4543 9255 15584 17424 17437 67 227 291 306 572 701 913 985 1427 1460 1892 2467 2552 2801 3067 3581 3585 3602 3614 3675 6459 6698 6722 251 300 457 459 584 2468 3748 14930 289 314 2346 99 191 279 340 456 570 730 986 1006 1242 2127 2449 2453 2570 2571 2787 3589 4915 5767 5901 7792 8564 8812 9417 11956 15361 17281 290 585 1160 1478 2176 3765 5168 5375 8807 8988 9424 10656 15544 85 193 327 330 463 497 511 531 545 680 1015 1413 2783 2902 3427 8309 11890 14340 1686 1834 4351 4493 6714 8806 554 562 576 724 1595 1821 1883 2352 2436 2854 2922 2977 3097 3473 4165 8545 8559 9418 10608 294 349 525 612 889 975 1225 1820 2183 2525 2738 2834 3019 4130 4460 9299 9419 10621 11080 69 77 96 176 601 715 728 945 951 997 1008 1079 1122 1447 1479 1694 1696 1803 2031 2347 2454 2463 2469 2569 2637 2797 2937 3481 3921 4535 4562 5452 6784 7321 8111 8549 8818 8994 9822 10041 10133 13450 234 268 278 567 614 683 1076 1464 1468 1470 1643 1652 2901 3070 3303 3459 3576 3605 3878 4617 4975 5099 5267 5434 5629 8803 8820 8998 9366 9521 12129 12752 18288 180 461 575 2444 2558 3281 3317 4180 6140 9302 10142 12623 15920 534 2023 2522 3856 65 172 305 364 458 605 979 999 1081 1249 1462 1602 1613 1810 2341 2560 2567 2941 3584 3613 3754 5432 6249 6308 6737 9433 9821 10130 10715 14318 15975 17490 51 253 1461 1718 1795 1808 2265 2443 2456 3603 5266 7391 8188 15249 2437 706
1015 6853 14184 5605 2652 4037 11803 212 355 1427 2608 219 1408 2425 13375
1432 70 72 81 159 182 238 1072 3890 53 54 57 58 61 64 65 68 80 154 1083 1375 1381 1713 1824 3466 4153 4304 4447 5072 5480 5790 8068 8140 13558 190 1895 5235
1480 182 355 475 1381 4618 1116 288
1595 72 717 959 1249 1412 1895
1752 58 65 2086 2101 6930 7324 8589 10738
1821 528 289 288 352 292 679
1914 245 250 286 7056 9598 9825 154 197 220 223 227 234 306 424 436 511 562 565 567 569 572 578 580 581 609 610 612 613 614 615 625 706 709 711 712 715 718 728 730 733 734 859 868 961 982 1110 1132 1227 1239 1240 1242 1249 1412 1413 1414 1416 1425 1426 1519 1639 1652 1949 1977 2033 2265 2419 2570 2609 2624 2629 2633 2638 2786 2834 2842 2864 2871 2894 3004 3065 3071 3302 3482 3620 3791 3889 4073 4079 4216 4379 4494 4530 4541 4785 4833 5375 6460 6541 6957 7266 7800 8111 8121 8311 8312 8479 8549 8567 8806 8837 9338 9419 9426 9427 9433 9435 9437 9716 9823 10847 10891 11650 11652 11655 11918 12723 13621 15027 15586 15771 18656 202 215 428 517 575 724 732 735 854 856 857 858 860 867 874 951 986 1369 1372 1878 2029 2127 2128 2343 2792 3117 3440 3739 4069 4184 5099 5549 6556 7248 7406 8184 8314 8794 9352 10041 11927 199 206 226 533 750 1118 3386 3480 6064 7147 7329 13123 13416 16449 17055 207 630 14061
2096 159 173 197 533 735 755 868 1075 1534 7 81 203 206 233 234 429 436 441 511 599 620 718 851 857 858 859 863 867 903 1099 1103 1249 1383 1384 1513 1804 1811 1884 2343 2346 2624 3109 4316 10172 55 72 180 198 237 377 418 758 1044 1098 1104 1788 1892 3129 3739 162 910 1705 2478 3371 7148 227 614 53 70 89 163 190 208 215 229 423 912 959 1151 1510 1609 1795 1985 3460 3501 3693 3889 4311 4923 5074 5475 5746 5972 6187 7327 12918 13147 167 200 238 717 1034 1787 1814 2481 3306 3902 5182 5844 6930 11234 854 874 3920 4993 5780 6950 862 6730 51 985 1883 4304 6778 8438 225 3767 154 166 187 207 504 706 715 923 957 1079 1109 1124 1243 1372 1375 1707 2013 2383 3509 4271 5306 11253 25 58 63 64 65 69 96 126 155 172 182 209 220 228 389 424 428 432 444 486 534 709 716 726 733 855 917 928 930 937 962 969 1090 1097 1112 1123 1130 1246 1376 1412 1504 1520 1786 1797 1833 1851 1900 1914 1974 2029 2154 2330 2542 2606 2738 3053 3300 3771 3888 4051 4115 5423 6245 6556 6615 6852 7008 7119 8671 8830 9416 9629 11170 14685 16333 17166 18408 661 88 605 1360 1379 2857 3110 3469 7871 9632 538 680 690 1505 517 860 1202 3280 3797 13558 13664 14301 14534 2835 2136 5175 603 221 1248 2600
178 1992 1110 10571 188 824 2654 2964 3788 1994 821 4970 607 3264
396 67 1713 2044 51 55 70 154 161 722 734 1122 1397 3863 63 356 429 1072 1795 2467 3280 69 81 153 238 475 966 1104 1394 1854 5249 1714 72 15361 16860 234 986 2176 2458 30 190 302 810 1089 2440 7 59 71 75 152 203 257 299 300 331 378 585 701 735 863 961 982 1014 1061 1098 1475 1772 1793 2525 3307 3317 3413 3865 4988 5254 6764 11084 714 1073 1432 2027 2047 2842 5609 707 880 3324 4317 2824 1099 1711 2039 1009 3875 5239 6504 6505 6522 4037 6506
647 53 59 81 154 233 238 429 604 608 616 744 748 1418 1504 1707 1709 2289 2542 3259 3280 3290 3890 3893 4064 4082 4113 4444 4732 5549 12002 612 859 1073 1103 1203 1878 1888 2037 2043 2470 2480 3287 3299 11963
904 65 173 209 220 230 234 295 377 378 481 498 511 693 1145 1239 1874 207 301 488 489 504 1055 1375 3237 72 185 190 229 412 907 1249 854 1854 4179 4351 534 1075 1905 1988 2664 4619 8873 311 533 689 1978 2923 5216 7038 7448 10961 7 217 484 706 903 910 951 1044 1104 1604 1797 1934 2343 4609 8367 51 285 917 966 1380 1406 1979 2179 4572 6249 154 191 292 306 420 486 491 510 2661 2783 3129 3171 9629 10608 294 707 1981 2595 3739 5534 5890 155 159 182 352 475 724 1347 3317 3427 8722 304 432 474 545 715 975 982 1090 1247 1376 1400 1520 1795 3889 4993 5001 5215 6193 969 3104 4918 4927 278 288 512 978 1042 6680 1632 17437 55 709 867 1412 4923 67 199 228 279 302 314 333 466 468 544 728 735 915 1024 1397 1456 1873 1941 2346 2607 2614 3238 3259 7934 7947 16735 184 198 289 310 1381 1787 5000 8069 946 928 518 521 4567 221 403 856 2150 1601 316 1463 4257 3468 1985 18647 10987 11139 2022 56 877 7193 3918 1032 1457 4574 3570 906 330 1037 317
972 163 418 621 3391 7382 11712 6048 1423 1117 1737 1835 3815 5441 11475 3817 5799 11477 11484 54 63 93 1700 1747 2711 2775 2811 4123 4230 6159 7695 10613 632 689 1418 1790 5803 1109 1385 1781 1783 154 6187 12718
1366 155 228 333 471 498 1151 7743 220 229 540 4389 546 346 486 982 300 497 5978
1380 159 1244 4137 67 154 173 184 190 198 204 220 225 229 291 310 311 355 378 419 424 472 481 486 487 488 498 499 500 504 533 536 540 701 716 726 966 967 982 1043 1047 1090 1116 1246 1372 1534 1672 1914 2082 2343 2346 2893 3427 3464 3901 8371 7 51 71 155 182 207 210 230 253 261 300 333 342 366 412 441 453 490 538 614 693 708 854 920 930 937 951 957 978 1044 1045 1083 1145 1180 1181 1185 1190 1200 1377 1406 1470 1670 1689 1866 2352 3171 3205 3741 3985 4439 6120 6959 8710 65 537 707 712 814 830 868 1041 1243 1247 1339 1384 1810 1812 3088 3461 3946 10535 191 196 221 228 302 511 515 857 892 969 1079 1098 1188 1681 1703 1797 1853 1874 2014 2546 2787 3236 3400 88 152 215 234 517 518 519 599 681 687 710 724 732 810 815 936 1085 1110 1369 1375 1459 1854 1873 2062 2150 2785 2789 2835 2959 3084 5065 5123 5667 14061 176 226 292 307 329 377 436 493 497 715 730 735 779 808 843 846 932 975 1118 1179 1182 1206 1412 1513 1701 1905 1910 2214 3027 3097 3240 3376 3739 4170 5079 6724 6772 8262 9765 10681 163 227 383 420 501 790 816 858 924 1104 1527 1673 2009 2350 2746 6247 316 585 855 918 945 1378 2526 2664 2901 7775 8042 405 408 959 979 1660 1884 1985 2524 2742 3087 3244 3333 4125 9193 10525 17211 193 212 768 840 856 860 989 1239 1360 1426 1468 1814 1974 2137 2139 2370 2444 2463 2533 2565 2629 2940 3030 3444 4179 5841 7639 95 754 806 1091 1415 1520 1545 2790 4559 6016 7157 11032 952 1195 1540 1639 1976 2210 2576 2983 4948 5630 11581 11817 371 503 514 704 823 1714 2341 2544 2595 2608 2859 3117 3729 7725 8549 199 202 416 510 1103 1547 1803 2363 2542 3621 3889 4092 4826 428 706 728 1274 1376 1400 2567 5216 5526 5600 5672 5772 8930 489 512 534 1131 1351 2206 2619 166 217 944 1192 4180 4821 8398 9977 8392 4432 6249 3753 1154 1929 8479 1857 2623 2783
1418 173 716 166 429 1810 333 377 536
1461 55 89 155 157 209 229 230 288 289 290 291 294 295 298 300 302 306 318 323 333 344 377 378 403 405 412 461 466 471 475 481 498 525 526 528 532 540 680 687 693 793 906 966 1047 1183 1193 1246 1589 2523 2607 2666 3033 3128 3373 3859 4385 4559 6600 227 1043 1463 2055 2176 679
1473 691 1678 56 89 228 321 547 903 6543 403 541 12477
1478 290 306 325 542 1098 1034 1458
1553 7 65 89 157 198 209 220 228 230 289 292 295 300 333 342 359 378 412 462 472 481 486 488 500 517 540 715 830 903 930 972 982 1104 1109 1114 1133 1179 1189 1246 1298 1300 1351 1463 1470 1556 1585 1601 1648 2432 2478 2524 2544 3184 3236 3758 4155 4156 4707 4920 5079 7533 7650 10827 423 430 1747 14645 39 288 298 316 504 528 6397 455 302 8264 1743 641 1076 1705 2070 3865 5151 377 403 539 548 3616 2176 7119 8957 16333 241 1701
1661 207 227 229 293 298 305 306 316 323 420 425 464 498 511 523 542 546 683 985 1043 1155 1243 1398 1400 1556 2020 2277 3461 3730 3763 4435 7515 8589 333 681 1502 1632 217 230 291 481 530 540 691 693 704 959 1048 1186 1244 1246 2788 3247 3373 7177 228 538 706 951 1988 2977 190 342 355 1034 1047 1390 1513 2121 437 533 1090 1479 548 1106 1198 1613 3400 12918 318 1486 1905 366 689 1470 13147 288 2137 11244 1976 4704 403 525 532 967 606 58 307 1378 8356 5978 9484
1705 207 227 228 438 554 562 1376 1517 1755
1783 436 498 856 1412 207 212 614 728 733 1372 1414 1416 1425 1639 1778 1806 5175 6950 3797 5440 7266 924
1993 425 433 446 629 886 898 984 1632 2407 3057 4074 8676 11416 11819 12548 12821 15994 18087
2042 533 930 6249 614 707 1114 2346 8808 15975 1639 3425 1660 3427
2071 55 67 161 292 294 295 306 308 309 310 329 484 525 788 913 1475 2018 2023 2391 3063 11084 289 299 301 320 333 459 787 792 1429 1432 1451 2395 3503 5249 7530 340 2390 535 300 485 701 7391 378 7868 10827 1037 1452 8178
36 497 500 687 779 1180 1181 1185
62 51 64 65 70 72 81 154 173 182 187 189 190 229 238 268 489 715 728 735 868 959 961 1072 1112 1117 1123 1139 1385 1786 1787 1789 1801 1802 2265 2469 2552 6161 6245 6714 7111 7821 10213 11480 18408 53 63 71 163 172 191 198 221 378 707 1384 1790 1799 3302 5074 5787
265 512 707 949 2744 1254 234 4994 2578
308 65 190 227 488 503 614 706 830 837 918 951 959 1110 1249 1350 1358 1412 2343 2347 2360 2363 2463 2834 4460
433 41 3244 23 1071 1099 1104 4137 5074 6819 503 1854 3558 5117 5653 12 814 843 1260 3367 4031 9242 7 31 846 966 16 1044 1254 1803 2664 4272 4917 7639 785 1797 11817 923 5073 6808
494 292 681 686 693 1590 3171 3489 4704 7318 5767 298 461 1684 2019 289 680 318 325 293 689
628 2610 1061 1390 8026 1242
776 234 831 850 1645 2379 2738 3721 9960
1004 442 618 1777 5412 5925 126 154 195 197 202 211 418 433 612 858 863 1162 1418 1721 1770 1947 2026 2134 2289 3290 3299 3693 3781 4051 5233 5549 6374 6687 12495 441 2541 2542 3884 4795 8215 11736 13888 703 867 1150 1957 2481 4389 8807 10969 445 1164
1243 154 159 233 436 512 517 715 854 860 982 1239 1527 1974 2637 9467 843 977 1116 1274 163 234 614 726 918 1044 1145 2062 4179 6130 9346 172 173 198 226 453 859 1118 2352 2206 1957 605 1131 1406 1513 9344 11737 2744
1373 866 4137 203 429 441 533 1098 1384 2537 955
1538 227 868 1412 1109 1118 3771
1700 52 54 81 154 163 220 238 599 603 609 610 728 744 748 1073 1418 1707 1783 1790 1801 1824 1835 2146 3119 3861 3992 4113 4541 5191 7700 17048 18587 53 56 69 72 88 159 215 306 418 429 562 575 578 612 613 630 761 777 852 993 1394 1878 1881 1886 1889 1890 2460 2480 2598 2638 2668 2811 2938 3156 3281 3995 4316 4379 4494 4495 4734 4863 5260 5474 6581 7123 7342 7404 8184 9700 10918 11650 13395 16860 17294 17340 17981 59 203 441 534 619 863 962 967 985 1017 1083 1230 1415 1425 1505 1639 1795 1826 1848 1883 2001 2027 2029 2742 2855 3201 3371 3413 3693 3768 3777 4790 5325 5787 6137 8232 8722 9362 9470 10891 11477 11652 13171 13688 13972 14880 16745 17956 95 187 197 430 445 683 735 861 868 905 975 1098 1372 1413 1426 1829 1891 1892 1895 2265 2463 2493 2711 2786 2853 2854 2864 2871 2873 3132 3292 3458 3888 4251 4460 4675 4784 5172 5297 6296 7056 8120 8122 8808 10519 11655 11918 14019 17211 205 266 625 877 2605 2834 3004 3386 4130 5790 6045 6959 7054 8111 8262 9352 10142 11917 14878 15920 16124 16324 46 152 475 520 576 607 733 750 1118 1128 1150 1222 1416 1770 2688 2842 3071 3938 4108 5446 6161 7081 8504 8837 9699 15688 17766 57 98 162 186 730 903 1112 1117 1121 1130 1167 1414 1743 2440 2616 2630 2775 3488 5185 5871 5891 5982 6949 7018 7119 8595 9271 10164 11128 11480 13393 14768 14779 18330 227 889 1382 1787 2167 2681 2716 2894 3508 5927 6853 7017 11205 11638 12752 12868 64 126 175 506 583 998 1013 1405 1468 1518 1976 2486 3109 3421 3536 3875 4153 4620 5168 5181 5186 6541 8716 10130 12495 14669 14766 16523 572 585 602 747 875 1103 1132 1175 1731 1747 2469 2624 3621 3886 4123 4230 6151 6160 6902 8264 9347 9437 16323 2416 2419 6760 7895 10213 434 715 987 2671 3417 5182 13397 14750 103 188 606 615 2136 2667 3303 3617 6048 6169 6764 8649 15391 18237 755 1383 1412 1423 1873 2828 5197 5503 5876 7821 9666 9783 11272 11905 18229 604 632 633 1122 1424 1966 2037 3817 6756 7060 9366 18039 206 235 1708 8229 90 190 237 442 616 709 716 858 961 1097 1400 1737 1755 1833 1941 2288 2458 2672 3003 3121 3250 3902 4232 4704 4865 5184 5200 5549 5799 5914 6758 6759 7128 7197 7227 7473 8027 8802 9361 9629 11635 12137 12718 12918 13013 15749 1376 2691 2602 432 3420 5175 5414 895 3730 3317 1717 2475 2405 6506 1633 11023 10691 12725 8251 58 1204 1533 16949 9452 4615 18137 949 13 1732 2851 3798 724 756 13372 918 9260 4447 166 2281 13709 1206 4025 8230 204 8668 424 854 1974 210 614 1119 5890 183 9336 4174 2771 7890 2841 3788 2673 198 2593 19 13168 11900 7644 12548 3290 7021 4852 7029
1741 157 1097 424 689 1511 2134 207 458 486 544 1048 1409 67 210 229 779 823 839 1541 2429 2602
1743 198 209 490 492 498 499 815 978 1044 1091 1181 1194 1196 1281 1672 1863 2967 5065 497 1145 779 471 1670 6016 1853 5969 808 1035 1557 1678 2200 2214 4935 230 693 805 1180 1182 1185 1188 1868 2430 466 816 2617 2618 2959 4168 470 825 1193 1456 2203 2204 2210 288 2621 2619
1832 65 154 182 190 196 227 229 234 237 246 423 437 709 733 903 1098 1244 1390 1400 1424 1515 1609 1766 2591 3057 207 422 425 1048 1910 53 56 58 163 238 438 439 614 618 703 858 898 959 1396 1416 1553 1632 2277 2587 3411 4089 208 222 261 418 526 554 622 757 868 1090 1106 1167 1383 1412 1633 1958 1977 1983 1988 4118 4704 64 70 84 88 159 203 204 226 228 419 424 428 434 441 511 548 562 602 604 629 718 735 748 863 887 1075 1097 1242 1249 1398 1486 1504 1824 1947 1954 1990 2083 2101 2121 2137 2139 2343 2346 2407 2524 2582 2602 2608 2614 2815 2821 3065 3110 3258 3693 4735 5414 5439 5547 6382 15172 199 215 220 416 420 421 429 430 432 446 454 689 697 714 716 734 969 981 1239 1240 1384 1405 1414 1639 1934 2535 2572 2600 2605 3026 3706 3707 3730 3747 3797 3902 4810 5416 5480 7324 8710 212 221 316 366 426 431 440 533 599 615 715 1155 1375 1510 1512 1971 3298 3371 3475 3686 4435 217 683 964 1105 1377 1517 1520 206 4616 1047 2130 1376
1845 51 157 386 689 724 959 1518 2939 4031 17008 77 85 152 180 227 599 707 874 1001 1397 2552 2580 3920 2787 89 228 706 1019 1076 1369 220 501 1248 1372 1411 2853 3470 3476 5233 851
1869 789 3503 226 1820 4348 288 285
2024 1001 1151 1895 2070 3302 4116 5929
2088 7 1372 89 330 472 854 1104 1343 1427 1772 3104
49 89 3461 288 1486 71 72 157 159 166 182 187 206 209 253 289 298 306 314 322 331 378 461 466 535 543 701 907 913 959 972 985 1001 1079 1160 1243 1427 1432 1464 1489 1491 1589 2023 2083 2220 2394 2565 2571 2609 2797 3303 3426 3769 3781 4369 5238 6376 6459 6505 6726 6903 7193 7826 7837 7927 8072 8184 8582 8649 8790 9234 11139 18439 310 312 320 525 534 704 1106 1123 1457 1925 2179 2598 3316 3464 3892 3966 3985 4387 4493 6708 7945 40 903 3947 18606 56 301 1440 3293 3667 5239 6631 691 792 1090 1163 1400 1481 2533 3882 16323 1127 757
658 208 428 2131 3057 3371 535 3672 53 64 70 84 237 526 969 1097 1155 1405 1408 1409 1738 1890 2134 2535 2587 2818 3730 4022 4733 5547 8589 10248 1398 4027 5149 4720 6043 6581 15532 56 328 1106 2136 3158 3310 4039 4728 6047 8136 13375 59 72 187 874 998 1001 1013 1895 3768 1983 8141 58 1062 1073 895 997 6544 7347
758 498 8356 371 1105 5480 548 1470 217 690 182 533 311 1980
859 997 72 89 463 529 1713 2220 66 67 187 253 318 511 605 888 1061 2554 3739 4705 70 166 288 295 310 544 701 1099 1104 3503 1379 2031 3988 797 222 907 5256 88 1520 4704 7325
884 300 456 1613 295 311 257 543
889 212 859 629 416 851 1964
1049 89 173 190 208 225 425 429 439 441 854 969 1504 1534 1747 2899 10524 154 226 6137 9700 53 863 964 1376 1755
1112 2150 6463 1396 1401 2273 3720 3788 3817 418 444 845 2172 3805 3810 9260 162 11625 2594
1192 1412 9344 51 159 614 2347 4092 4179 735 1372 860 2834
1324 47 163 946 949 1254 2151 2490 2969 3417 4605 4669 10676 1204 1528 188 227
1427 1019 2681 429 1081 3889 2459 3795 14509 51 5264 691 1225 1746 10522 994 4704 5346 5358 6075 9353 180 998 37 233 1072 3190 5156 6257 6763
1522 229 1400 7 45 88 157 184 190 207 210 220 227 230 234 403 424 436 440 471 493 497 511 716 733 808 815 917 951 978 1043 1090 1106 1155 1198 1244 1246 1249 1377 1398 1515 1954 1974 2343 2600 2614 2789 3373 3686 4387 6303 8678 15171 15172 51 65 191 226 228 233 324 378 498 538 562 735 945 959 966 1044 1091 1351 1360 1369 1406 1504 1814 1854 1866 2009 2031 2558 2850 5310 6693 7177 7324 10069
1779 407 755 1352 2473 3456 3788 4270 7941 16634
1781 59 61 91 159 193 253 429 441 511 533 712 993 994 1017 1079 1889 2027 2347 2606 4129 4978 5446 6678 7927 8262 8312 9338 9417 154 565 580 630 728 1006 1048 1895 3475 3738 5890 6959 7347 8126 9255 9321 601 852 874 999 1518 1886 1892 3768 9296 13009 65 9543 585 8313 215 982
1818 429 1375 1381 16862 533
1898 302 544 909 10016 299 674
1925 486 758 768 815 1185 4173 4225 4228 6843 680 779 814 1868 2959 6127 6414 8298 1188 230 333 810 1541 1853 2214 2621 2820 4168 6240 89 210 500 755 757 759 770 2204 3300 5963 6016 816 1861 3721 460 508 972 2154 2210 2383 5117 2850 507 1035 1410 2203 2847 498 687 805 1180 1183 1678 2747 2940 4166 5143 209 691 813 1098 2200 2429 1863 1866 1876 2617 4774 5151 1091 2971 8274 13431 1190 4226
150 67 155 257 295 329 701 1447 1601 1795 1936 2861 3461 4710 16105 89
168 1163 89 3767 8678 629 2521
210 63 72 75 153 165 173 187 190 193 207 298 516 959 1001 1014 1061 1072 1075 1091 1713 3046 4308 203 1099 1062 159 1379
362 439 6120 65 421 1133 324
551 65 89 190 228 229 498 815 5746 7945 437 989 1200 500 1181 1613 2206 3670 3739
660 180 291 292 299 314 340 349 386 458 465 638 644 674 972 1001 1021 2025 2393 3503 3948 5487 17516 585 2554 3307 6737 6884 15532 992 2102 2623 2797 5045 2051 3070 479 4565 11139
1138 163 188 226 233 506 599 1727 1790 3308 3417 6075 6730 7123 8866 11477 11865
1157 488 1179 1547 3637 4155
1198 324 464 526 89 386 1400 300 306 466 498 544 679 704 1009 1034 2025 485 2083 55 292 325 2092 227 298 461 690 1090 2102 2521 288 701
1258 98 166 857 985 1013 1814 1879 1883 2629 2861 3444 3450 3456 3993 5260 9469 15038 851 866 867 1534 206 215 631 707 880 159 2029 2351 2938 3430 3469 4129 4156 4493 6780 11963 12314 533 612 715 863 875 1213 1888 2488 2490 3451 5550 7239 10127 10526 7342 10847 2788 4278 868 1807 1811 4155
1334 67 89 161 191 230 299 300 344 405 455 475 481 491 541 1044 1451 190 506 923
1457 190 289 293 325 475 498
1549 182 227 425 689 959 1240
1562 220 89 230 498 1048 1632 327 2343
1635 65 72 152 154 163 171 172 173 190 199 202 203 206 211 217 221 225 226 228 229 230 238 416 424 425 472 488 493 533 614 856 962 969 982 1048 1118 1131 1151 1164 1240 1375 1378 1384 1390 1510 1515 1787 1790 1795 1873 1988 2524 2526 2572 2580 2614 2775 3258 3400 3475 4089 4115 4365 5423 5439 6463 7187 220 1884 70 2277 2544 3110 9632 15751 7
1702 163 554 562 1412 1425 2855 3774 1372 1413 863 1369 1411 1416 2343 2787 3471 3481 4251 4460 4538 4784 5172 6165 6362 7929 212 563 1103 2857 3308 3458 4124 4180 5434 7054 9347 15481 99 176 472 489 511 599 707 713 715 717 724 730 733 734 735 856 951 959 966 990 1079 1242 1375 1384 1415 1464 1468 1513 1803 1804 2565 2570 2614 2792 2797 2893 2899 3011 3065 3230 3306 3426 3482 3888 3889 3987 4530 5156 5168 5264 5432 5901 8111 8312 8313 8546 8549 8795 9417 9419 9423 9424 9435 9437 9478 9543 9825 9919 9926 10754 12599 13000 14378 15034 15586 17008 18117 18656
1755 6169 1222 7688 14672 7481
1816 610 1553 1755 1779 1795 2460 3391 3670 4709 5441 6137 6472 7123 7180 11484 13395 3382 3719 389 1884 3019 430
1860 707 841 918 924 928 936 937 942 946 947 954 957 1257 1338 1339 1342 1344 1349 1350 1522 1523 1527 2009 4341 706 724 857 917 922 949 955 1261 1358 1360 1369 1513 2342 3476 4156 5688 176 188 234 503 522 614 843 854 920 953 959 1104 1131 1214 1249 1260 1281 1364 1372 1521 1531 1809 1814 2341 2343 3470 4275 4277 4342 4669 4787 5157 5365 8696 383 720 952 1337 1352 1803 2347 3509 812 821 956 1254 1264 1274 1276 1526 4271 4278 14304 12 726 1110 2838 3050 846 925 1374 1528 1535 7 28 163 198 377 500 517 710 785 868 1119 1341 1639 1710 2379 3788 4615 5818 15 815 1259 2360 4272 14305 25 1524 4265 7713 1412 4680 6264 732 2765 2853 4268 1555 1347 944 1216 4124 2742 6997 4790 2370 820 2970 806 3780 5785 3456 3444 10127 4807 4821 15327 1645
1908 2022 67 155 910 2523 3171 4705 187 292 951
2009 163 227 440 691 857 1090 1135 1424 1609 1833 2139 2398 2616 2632 3057 4704 5414 16055 167 182 207 418 425 437 690 903 1097 1243 1390 3110 3201
12 16 17 45 72 189 198 209 230 233 234 238 278 288 289 302 320 325 344 349 371 377 378 403 405 407 412 466 475 486 487 488 489 490 491 492 493 494 496 497 498 499 500 501 502 506 507 508 509 510 511 512 514 515 516 518 519 520 522 537 785 815 855 883 966 972 978 991 1044 1104 1145 1179 1181 1182 1194 1197 1200 1270 1406 1444 1613 1854 1860 2014 2150 2179 2370 2439 2500 2643 2745 2850 2923 2941 2956 3240 3667 4036 4135 4255 4262 4292 5217 6191 6390 6461 6621 6772 6853 7639 7766 8350 9160 10737 14340 503 726 1132 1797 4567 4572 6762 3238 10827 36 154 181 190 217 227 229 237 299 701 707 930 1151 1185 1510 1609 1979 2018 2121 4923 5079 6006 7276 12918 13147 17895 521 1055 517 3616 18 191 300 318 504 523 536 691 1034 1098 1714 2075 3468 1274 58 88 173 423 436 1118 2380 3124 3404 4074 5478 5746 8047 8356 89 468 955 967 1673 2940 4297 71 306 331 333 458 464 474 538 544 808 951 1795 1859 2738 3859 3928 4562 56 67 159 327 484 704 759 1042 1375 1377 1455 1475 1852 2839 3317 12288 547 1863 1670 2436 2449
65 371 499 1855 1859 1867 3247 3928 1852 4747 816
414 283 289 333 498 530
779 51 72 75 153 187 238 539 877 878 919 930 998 1001 1104 1704 1900 2027 3768 4317 9969 9980 163 511 701 959 1071 1243 1249 1274 1415 1834 3184 3719 5254 5844 6064 7874 67 289 292 328 529 712 713 722 732 994 1002 1016 1026 1596 1804 2220 2500 2571 2824 2855 2901 3426 3863 4493 4705 4883 6086 6698 6708 9987 11487 12352 17646 157 191 475 957 2533 12314 61 377 599 889 1008 1013 1099 1379 1892 2347 2609 4263 5123 5256 5617 10133 10433 17515 18391 466 3921 56
843 230 383 412 605 808 1186 1192 1406 1528 1645 1650 2637 3043 3737 4189 4211 4218 4821 5600 5939 7329 10571 3032 4194
876 4795 4538 5434 875 3444 3890 10748 10754 10756 1369 8945 1083 10753 732 7047 3279 13123 4077 1513 10762 234 1504 3430 4724 7 599 2624 4124 562 554
952 173 208 298 417 428 533 972 1669 4087 227 3071 3371 5416 733 3070 207 618
1062 81 220 286 567 747 858 859 1427 1957 3131 3776 4316 6182 6724 10394 15391 157 843 4447 5172
1164 6150 603 1709 11638 1715 1836 4494 879 1746 2675 3158 3504 2289 2673 2681 7694 64 407 523 539 6755 10517 14666 16746 93 526 1061 1062 3564 3674 6708 10226 12821 292 172 1032 423
1228 12 15 28 152 199 220 234 238 440 603 707 843 857 920 1014 1202 1260 1276 1873 2006 2151 2681 3216 4271 6048 6151 6830 16746 163 1947 2493 3805 2771 3810 11625 964 1104 2817 757 441 7375
1356 89 289 294 544 3397
1374 199 2582 2959 5079 1200 4179 1375 6293 72 207 408 490 1091 2206 4136 2619 1118 1180 1672 1240 18555 7449
1389 187 203 227 229 425 971 1090 1400 3273 5237 7324 7927 8756 159 5844 67 429 599 622
1493 12 518 2763 2765 4936 779
1508 154 190 203 227 234 436 439 453 1098 1244
1703 230 497 707 1854 311 966 1375
1977 81 152 154 162 190 227 418 436 454 621 632 1098 1109 1130 1418 1424 1708 1747 1770 2771 5549 5799 6048 6762
2060 3717 370 1214 2143 2966 949 2370 4971
79 292 304 544 228 330 1556 2183
321 7 176 724 732 854 918 951 955 1249 4342 7117 15457 2183 2851 4458
372 7 89 173 175 190 222 289 377 403 407 481 487 488 490 498 503 519 727 966 978 1062 1104 1378 1410 1700 1705 1854 1873 1874 1931 2014 2794 2956 3197 3563 3758 4136 4342 4600 5217 6252 7725 12006
399 311 292 344 291 300 2981
678 511 714 982 1249 2352
682 89 304 306 328 342 2977
741 89 466 493 1043 1378
771 511 245 267 271 527 266 331 3317
994 70 89 93 154 157 163 187 190 227 298 349 418 444 447 466 607 717 959 1013 1098 1110 1122 1130 1412 1413 1464 1735 1795 2047 2498 2558 3067 3264 3921 4123 4126 5173 6140 6150 7054 7193 8802 15961 72 193 300 728 972 5297 9632 718 987 1073 11638 56 454 610 963 1124 1219 1459 8027 8837 238 375 485 592 632 981 2901 6756 11455 11631 14685 348 701 3890 11899 6585 9689 58 389 910 1709 2075 3324 5503 8689 18094 81 733 2102 2467 4316 4520 16860 97 239 257 288 292 352 432 998 1104 1117 1242 1400 2475 3882 6582 14669 7206 7802 11635
1156 6761 154 1858 2775 5966 6046 6217 9666 162 3707 7021 72 190 378 3769 4174 11272 159 374 510 3927 4230 229 371 407 6759 11712 621 691 1713 1929 12703 217 333 498 1383 1736 3078 4118 1412 622 4177 4435 632
1479 825 1196 1550 1555 1557 4944 4948 8 45 210 217 230 293 489 510 517 604 691 754 757 779 805 813 823 826 835 841 1044 1155 1186 1191 1192 1470 1540 1861 2186 2204 2210 2214 2621 2723 2940 3029 3548 3721 3727 3997 4002 4021 4166 4385 4497 4935 4936 5045 5143 5310 6016 9689 10784 11865 811 4826 2429 707
1503 157 285 292 534 539 779 1394 3313 4316 17516 227 233 468 2168 2738 547 89
1625 73 93 161 238 268 296 299 474 721 730 975 1099 1150 1172 1226 1413 1464 1475 1832 2031 2277 2605 2607 2681 3313 4123 4126 4561 4993 5124 5358 5617 6177 6708 6762 7021 7096 8497 8794 9361 9699 9907 10738 12129 13339 15671 15675 18039 18237 51 52 53 54 57 61 63 64 72 81 103 175 184 230 257 265 301 327 380 444 463 603 604 683 727 737 748 803 996 998 1076 1109 1242 1401 1426 1707 1743 1793 1800 1895 2060 2075 2530 2544 2571 2745 3070 3104 3520 3863 5325 5348 5415 5507 5550 5713 6150 6159 6160 6522 7017 7054 7324 7700 8283 8676 8689 8758 9296 9347 9974 11139 11193 11455 12928 13368 15544 16124 16324 17730 18040 18094 89 176 192 221 511 753 1243 2018 3988 4493 5099 6789 7256 9366 1007 16862
1724 1019 207 56 81 1512 1964 3771 4090 173
1885 70 81 141 188 199 207 238 418 427 432 475 530 621 982 1098 1134 1151 1418 1519 1709 1731 1824 1994 2608 2614 3703 4230 4232 5048 6048 6151 6759 8027 8264 10618 11423 11712 103 157 170 210 217 755 1186 1375 1383 1620 1747 2407 3720 4994 5233 6160 7890 9672 11899 12703 13847 14363 433 748 1700 1736 5030 53 162 231 298 366 689 769 1390 1423 1717 3258 6155 7382 7663 9336 65 454 5412 1941
1917 437 704 1409 1990 4252 686 3399 682 249 267 276 278 605 617 619 1610 1613 1621 1622 1979 2252 2923 3227 3357 4585 4598 5035 5544 5934 9821 16501 200
46 352 288 292 295 701 464 1037
58 1453 67 89 461 289 681 300 333 344 1686 292 466 227 290 291 297 304 321 523 544 768 793 835 892 1244 1684 2977 163 306 325 360 686 733 908 951 1037 1458 1685 1694 257 331 340 1225 1242 1414 1461 1934 2458 2778 3078 3302 6722 7140 7427 9302 10627 14147 15361 17644 157 192 295 318 511 554 562 599 735 959 1098 1220 1687 1696 3019 3877 15027 251 889 1412 4291 5988 2981 1459
87 67 294 300 320 332 465 466 1936 1937 327 330 456 457 458 468 476 484 545 701 787 907 1402 1444 1449 3318 4562 7340 2023
114 163 1249 1803 2346 706
152 1048 89 97 190 207 220 289 291 293 300 306 318 324 325 333 412 458 461 466 470 481 498 523 528 536 540 679 681 686 691 704 709 903 908 1034 1043 1400 1580 1678 2435 2544 3397 3398 6453 6693 154 234 321 344 403 420 680 797 980 1673 1807 2432 2788 2839 3193 5475 6558 15327 67 161 227 464 525 687 735 1198 1244 1453 1360 229 182 475 538 1398 1513 1814 2538 302 716 1455 3400 72 223 1246 1632 378 1424 436 1047
202 504 707 4191 234 503 511 715 837 917 928 954 1249 1274 1714 2344 2444 2838 4155 4156 348 918 1992 1002 4271
248 67 288 333 701 915 1021 289 386 461 464 466 525 2020 532 644 292
280 89 288 56 1700 12976 1398 1934 3186 4051
310 1463 292 475 906 1409 2939
383 65 88 229 498 680
704 475 3317 2179 300 1641
749 55 67 289 292 461 2025
759 154 441 170 182 206 229 425 437 532 544 703 1075 2130 2330 4177 8589 9404 51 64 97 191 193 203 215 227 292 310 316 329 486 511 538 704 1106 1109 1151 1186 1414 1519 1632 1941 2938 3081 3213 3273 3400 3856 5099 166 453 857 859 1705 1767 3681 4444 2139
848 81 222 433 546 610 621 1162 1418 1944 2139 6159 8422 8649 13147 1014
941 544 166 191 223 230 293 318 423 693 704 1097 2020 2407 2959 3399 3613 4262 11236 1580 1400 2533 7945 1694 4773 680 681 3960 4575
1036 6222 11230 203 227 429 735 1089 1416 3676
1100 615 1119 1900 2375 2493 2579 2964 6130 6730 7625 10402 227 1557 3505 4081 12548 14685 17953 2273 4940 1390 17048 24 721 3290 6155 14005 5184 18237
1287 518 4265 1521 6257 1259 825
1348 191 289 290 291 294 295 306 333 342 364 386 461 466 1025 1043 1444 1447 1459 1685 1905 2454 3078 3489 3584 3859 4562 5099 5267 7340 11890 1470
1426 6950 10478 2525 3008 7937 14480 14534 730 892 1220 3581 1160 2449 5267 5375 6140 10630 340 2902 3765 360 573 718 4520 1244 2442 4535 4543 10628 10638 14019 584 590 1694 2465 3015 5629 7071 8066 8806 12681 14124 567 13450 7224 8545
1452 325 1034 7177 681 2981 1609
1688 154 423 697 1609 5745 1990 4709 1824 1787
1797 65 173 190 229 423 683 1988 2130 226 228 377 964 1408 1672 1974 2637 486 7177
1813 89 324 352 679 1451 1609 2435 229 300 464 528 531 907 1455 4292 2981
1877 432 2840 4153 785 1062 2468 6012 11421 11635 2185
1890 17424 2031 2179 10656 1249 278 703 6240 8309 17437
1931 58 59 64 182 208 217 227 324 428 432 441 464 526 533 606 691 716 733 757 863 868 969 1048 1106 1242 1384 1408 1517 1520 2020 2538 2544 2614 2681 2818 3030 3065 3400 3411 3993 4384 5027 5414 5950 6930 8589 9424 9485 13010 1415 1510 2137 2346 3730 5844 748 1155 6915 9160 5925
1996 7 318 527 9013 1154 14340 1044 1934 6626 8114 14749 89 458 1388 6346 15457
2077 1714 706 1052 498 1182 1372 1412 1803 4251 5079 2790 209 234 707 724 854 855 920 951 952 1246 1249 1366 1807 2013 2784 2785 2788 2789 2853 4460 6291 7117 732 863 982 1400 2346 2347 2350 2794 2855 3739 4165 4807 163 298 486 599 1810 2360 2792 3473 4541 1376 441 198 917 1104 487 1468 3470 1369 1243 182 89 1180 173 3471 959 972 72 918 2595 1274 3480
41 954 959 1524 1531 10585 14305 16661 821 929 1261 1341 4332 1347
227 257 289 292 701 55 67 305 344 2092 2094 291 306 333 543
289 481 498 540 691 757 1046 533 432 3398 1197 190 207 228 470 816
325 1099 6875 181 1315 10 5698 1745 5713 506 515 2 1320
531 304 907 2020 344 686
562 360 892 3171 2456 265 1511 5767 730 575 1447 5267 344 1459 2051 3888 302 712 3589 292
644 65 154 159 182 190 203 234 237 298 316 377 423 429 715 868 891 959 961 1098 1121 1375 1412 3057 5185 5235
780 58 89 229 1409 959
809 89 542 1475 161 1429
877 1344 1369 1523 1524 3481 5818 7357 917 957 2853 843 947 1261 1531 2842 7331
1002 175 323 906 1729 17612
1346 313 324 524 691 1470 4747 291 297 366 377 470 486 536 544 1043 1186 1198 1200 2025 2977 3491 4255 5950 15038 455 464 687 693 1189 304 333 344 466 531 1183 1704 4562 11890 289 300 321 325 403 461 471 686 704 1048 1243 1455 1513 2619 3399 3859 5099 6601 7663 523 816 1854 3753 4263 6770 10784 1680 10604 209 405 1181 1377 5988 4559 493
1396 706 735 854 868 917 918 163 234 707 841 843 1257 1337 1358 1360 1527 2347 3780 436 562 614 710 724 732 855 856 859 947 954 982 1131 1249 1274 1341 1344 1364 1369 1372 1412 1426 1526 1528 1531 1535 1660 1803 1817 2013 2206 2342 2744 2855 3470 3471 5672 5818 7331 7902 9344 9818 10768 14304 14305 949
1453 461 2020 292 289 354 288
1483 89 466 486 498 524 930 1034 1673
1516 65 88 89 154 176 180 190 220 228 229 257 288 289 292 295 299 300 310 349 466 523 543 701 707 972 1024 1243 1451 1580 2018 2509 4297 6429 55 67 298 340 344 461 486 679 966
1795 55 65 67 89 154 157 167 257 285 295 296 298 300 301 306 329 352 458 466 468 475 485 528 686 691 786 906 1098 1400 1449 1464 4252 4566 229 418 2044 190 199 228 291 318 331 423 440 454 461 532 544 548 689 690 2083 2523 9160 302 465 377 389 1390 97 288 1518
1934 374 375 1857 2086 2092 2102 3324 3490 5089 8392 10226 14324 379 17713 4980 2094 2746 3713 89
1978 707 841 918 7902 614 917 943 951 956 959 1358 1803 220 2347 2834 4180 1249 2790 1810 2346 2343 4165 4460 176 9347 706 2360 2941
2038 89 292 302 333 470 498 526 693 56
47 230 289 65 67 89 97 157 161 180 182 190 191 192 198 209 220 229 251 253 256 257 288 290 292 293 294 295 298 299 300 301 305 306 308 310 313 314 317 318 320 321 324 325 326 330 333 342 344 352 355 356 364 377 378 386 403 412 429 455 456 457 459 461 463 464 465 466 468 469 475 498 499 501 504 511 523 525 526 534 540 542 544 545 546 680 681 686 691 701 715 786 790 794 797 802 859 889 890 892 896 903 907 908 951 966 972 982 1009 1037 1043 1054 1079 1081 1090 1098 1122 1155 1241 1246 1444 1447 1449 1450 1453 1455 1458 1459 1460 1461 1462 1463 1464 1475 1580 1613 1632 1673 1694 1696 1768 1775 1866 1873 1892 1934 2020 2025 2083 2130 2137 2392 2439 2456 2552 2783 2801 2977 2981 3171 3281 3373 3427 3557 3584 3585 3605 3670 3712 3748 3796 3859 4180 4223 4291 4561 4562 4704 4707 4818 4883 4915 5266 5731 5988 6140 6708 7318 7340 7864 8364 10715 11890 12303 16501
120 291 292 344 475 527 544 1380 1459
218 65 72 88 234 250 814 868 1072 1133 1650 2192 2902
354 190 289 299 325 349 308 377 301 344 543 3497
393 203 209 316 378 486 492 511 554 605 951 1100 1185 1200 1397 1853 3470 3475 5969 8573 13450 65 190 207 233 234 562 717 735 1130 1186 1198 1242 1414 1416 2343 3071 3616 4262 6191 6453 6458 6461 8884 9423 10130 1122 2834 2856 4201 5806 217 1035 1515 4115 5030
477 89 55 67 289 292 903
530 261 1394 1410 1553 1763 1787 1790 2716 2988 3132 4716 5184 300 722 768 1795 3026 3030 3259 3468 3745 4153 5045 5441 5754 6303 7814 8830 8957 15783 17956 64 100 154 157 222 238 355 430 437 451 526 538 548 578 703 728 891 1390 1401 1519 1614 1833 1845 1990 2121 2167 2277 2419 2616 2638 2783 3057 3081 3164 3302 3732 3992 4734 4796 6226 7382 7700 8264 14147 14666 72 326 442 567 1062 3068 3460 4316 4708 4852 5119 5181 6472 6823 7781 7826 9338 84 233 422 511 618 1848 1954 3391 3413 3673 4541 7007 9766 14300 445 604 5027 7404 12976 416 429 603 993 1083 1976 9230 17873 59 81 182 193 203 234 245 250 316 423 433 436 441 533 534 576 614 689 748 855 898 1009 1090 1384 1400 1406 1485 1632 1660 1884 1886 1964 1974 1977 2139 2541 2610 2938 3400 3614 4024 4028 4735 5149 5412 6217 7187 7324 7810 8262 11139 16523 17730 75 256 485 757 857 997 1019 1409 1801 1878 1892 1934 2271 2554 2591 3281 3382 3386 3768 4087 4709 4863 5475 5547 5745 7821 8674 9416 11739 12137 80 217 424 575 599 1106 1151 1395 3109 3681 5071 5416 5534 6222 6949 7411 4793 3156 11484 10918 3466 1781 57 6047 13009 1399 7890 4089 8832 5839
535 89 253 11455 311 2988
549 2136 4125 7927 7937 157 163
578 461 524 344 464 488 536 681 686 687 793 1198 1854 300 498 1447 4562 7868 499 1035 1105 1456 1674 470
646 161 300 461 686 1198 7868 292 304 306 321 327 332 456 458 464 468 528 538 545 1047 1455 2939 97 182 288 295 328 344 475 681 1042 797 1043 1189 466 701 1452 302 377 157 333 1032 1037 1456 299 331 486 531 691 907 1458 1680 8364 289 4562 12477 1461 543
754 217 614 734 1098 3201 4999 5436
764 539 2624 517 734 2569 2835 8264 630 1415 416
886 253 378 2050 2080 2440
919 420 1384 65 154 190 203 227 237 362 418 430 444 454 538 757 961 1116 1410 3259 3797 3827 8027 81 170 486 526 779 816 1181 1188 1196 1853 7079 162 238 292 298 621 632 858 980 1098 1745 1752 3501 5754 6187 7660 8141 53 416 466 703 1075 1390 1401 1418 1485 1510 1971 2139 2535 3046 3404 4802 6008 7190 8790 11604 12976 13010 80 173 206 603 709 746 991 1090 1185 1191 1375 1376 1383 1400 1747 1868 1888 2121 2203 2210 2578 2580 2587 5926 6032 6454 7320 11155 11352 14638 15236 70 425 428 680 1379 4074 5412 6409 107 137 222 744 1032 1186 1934 1965 4228 9672 1797 3057 8054 3735 64 7029 2030 1396 4118 4387 56 2818 1408 2959 982 3767
1176 198 209 779 1185 1195 1196 2429 2850 1672
1298 157 161 239 262 285 299 329 330 331 907 913 1459 1489 2179 2220 4883 5767 5988 6714 7766 7927 11395 14340 51 2607 8184 6384 287 292 1076 9366 474 322 951 1613 1641 1810 6903 10608 11063
1353 779 816 978 1195 4166 6196 519 805 2080 2379 3240 5100
1394 67 1243 1400 167 292 546 703 980 1121 1130 89
1437 65 89 191 283 288 295 300 301 306 310 320 328 329 349 377 378 464 466 475 486 542 543 545 903 907 1009 1444 1449 1860 2598 2984 3173 4561 4716 7268 11139 184 228 229 294 302 314 327 332 333 355 461 468 481 484 498 718 966 1041 1155 1681 2082 2179 3171 4850 5119 5226 5950 6120 10827 14629 291 292 298 331 546 3200 5772 289 1659 1452
1589 813 830 3997 4004 418 687 839 1551 2192 3721 3737 4002 500 949 1547 4003 2493 2955 10675 4277
1954 257 292 328 331 466 2083 295 298 485 547 701 1613
2018 294 55 67 241 251 257 265 285 292 296 311 318 325 360 528 798 891 1458 2021 2022 2024 2523 3466 4291 679 3763 288 291 466 1451 293 161 289 681 797
51 163 503 517 707 1104 1360 1412 918
102 65 154 163 190 197 198 199 202 205 212 220 230 355 434 436 602 709 715 892 982 1633 1686 1901 1985 2277 2424 2444 2625 2627 2632 2637 2639 2640 2641 2840 3057 3791 4216 5216 192 271 537 562 617 1622 1643 1772 1858 2630 2786 3071 3427 585 750 1239 2893 14019
157 176 990 1110 1372 1810 3470 6165 2834
261 1281 198 850 1188 1568 1853 1873 825 2186 3799 6012 475 547 682 691 1195 1863 2203 2923 3029 4934
304 72 159 190 2351 1824
392 892 5746 903 6454 65 67 89 97 154 172 184 195 204 227 228 229 251 265 288 289 291 292 300 307 313 324 331 412 430 464 465 471 484 499 523 525 528 554 562 619 679 680 697 857 891 913 959 1043 1079 1383 1464 1505 1556 1686 1807 1971 1976 2022 2277 2821 2899 3070 3097 3110 3373 3466 3739 4069 4118 4883 4923 5844 8991 11070 191 217 287 301 340 344 979 1091 1186 1189 1447 1936 2044 2437 3206 364 205 209 333 403 455 701 732 1718 2055 2465 7068 13474 16495 18647 991 689 1934
398 570 8314 2537 88 603 56 154
415 292 89 300 704 1249
473 8592 680 6417 7276 697
525 371 2843 2959 4223 816 1181 917 1249 2619
536 77 227 234 289 291 533 576 614 1755 8820 12137
709 918 1249 1369 2341 2342 6959 917 1372 1803 2343 2838 4458 2009 582 706 562 599 712 724 841 1366 1415 1527 2463 2834 2861 2901 3445 5172 7248 8311 8795 176 585 945 959 1412 2742 2787 3470 3471 5157 9334 956 4460 3993 1639 5844 2782 2790 707
710 172 436 1632 3110 3558 3739 7325 9467 9468 9470 857
897 152 183 188 440 632 1974
1011 45 458 209 1037 378 333
1055 4747 220 371 2082 8047 2983
1104 63 265 292 455 479 903 1002 1098 1820 1850 3067 3460 6722 8422 12351 18606 55 241 251 285 538 540 679 803 913 1081 1427 1834 2783 3878 4130 5452 6376 6504 7248 8802 11769 12994 67
1151 371 499 1809 2652 3078 4170 4177 4375 7724
1278 686 1450 312 330 475 288 545 644 915 300 310 318 325 464 466 498 528 704 1455 1456 1975 5988 7268 10987 327
1319 562 857 8674 72 154 173 190 203 207 209 215 217 227 362 403 405 418 440 441 454 511 521 533 534 546 687 689 704 709 716 757 1055 1106 1107 1122 1239 1249 1390 1400 1512 1513 1520 1645 1650 1814 1978 1981 1984 2619 2661 2723 2821 3238 3737 3739 4156 5785 7038 8054
1343 72 2347 99 1034 1044 3741 155 187 226 234 706 854 917 1104 1114 1358 1412 1703 1713 1714 1803 3110 3739 289 707 9468 1513 936 1527 3279
1402 99 163 245 436 610 863 1426 1504 1639 1804 1806 2347 3302 3779 4782 7871 159 504 1369
1463 59 998 2043 6728 72 84 98 763 997 1062 1073 1155 1401 1886 1893 1895 1897 2149 2473 2810 2824 3277 3300 3534 3541 3768 3861 4027 4732 4734 5358 5871 6374 6423 6586 7343 7344 7694 8510 8582 8584 9498 9860 9969 9997 10518 10685 11200 11205 11352 13168 14222 14680 14744 14760 14768 15795 15798 15880 16053 17296 17819 441 3886 4022 4723 604 703 3505 7520 14672 238 1242 1427 1946 3313 3806 8573 8701 9424 10887 13599 14749 40 64 157 234 418 746 757 1098 1752 1983 1990 2037 2470 2535 3200 4728 4735 6032 6390 6410 7887 8141 10622 11101 11439 17512 6075 12821 288 3686 8678 55
1469 67 154 706 209 230
1519 1923 154 190 209 288 486 1048
1525 325 346 458 461 1684 310 321 681 1453 686 701 1458
1605 55 70 89 161 190 191 288 294 295 300 301 302 306 324 328 352 458 464 468 475 485 532 538 545 548 644 661 686 687 689 690 691 701 722 903 907 1409 1410 1441 1463 1485 1613 2018 2524 3128 3317 3557 3713 4561 4707 7137 8067 8589 8605
1678 89 679 1040 681 697 1045 2801 292 470
1777 1000 1001 1151 1297 4880 7078 7810 10720 14286 187 389 1075
575 63 292 295 316 328 959 1061 1121
772 810 813 1527 1541 2062 2780 5688 9919 917 1358 2362 3470
821 154 198 199 209 222 228 229 233 235 355 366 423 536 614 615 969 1048 1104 1106 1151 1155 1424 1976 3250 4260 5939 7644 418 982 1517 1988 3373 3713 6920 7643 1231 1787 5423 1964
835 2790 724 952 1412 4460 212 707 1814
1214 378 472 499 707 710 834 928 932 978 1044 1360 1527 1672 1854 1870 2062 2347 2380 2940 5526 5672 8259 1852
1294 535 1243 89 209 291 342 679 681 5268 304 540 6453 686 333 1461
1349 154 172 227 234 418 460 504 517 757 930 1048 1091 1156 1246 1700 70 81 207 220 237 238 408 472 488 497 617 707 712 726 735 978 1090 1852 7 56 199 377 538 1986 6187 1109 1130 1150 1244 1620 1705 1814 2533 7183 8264 9289 450
1462 89 7 234 288 292 295 333 704 959 1673 2091 3739
1544 3367 3946 67 172 378 333 490
1617 157 554 570 599 601 613 1220 1709 1878 2134 2796 2938 5414 5434 10891 12220 13599 15584 630 863 1160 1694 1811 2861 5550
1825 7 172 481 504 536 691 834 857 959 1527 2342 11042 89 157 209 289 378 486 1044 1196 1650 1854 2251 2941 3475 161 198 412 497 498 1037 1182 1452 1672 2435 3333 527 2788 1188 718 2467 3589 1458 5988
1880 190 292 498 704 2020
31 72 1001 1028 1062 1067 880 30 972 1061 56 59 289 1066 1076 875 757 3441 1079 55 1034
48 67 180 227 265 283 295 1464
57 1670 779 704 1185 250 1180 1429 470
161 487 498 503 519 785 810 812 813 815 830 923 930 953 955 1066 1104 2062 3236 3545 3549 4136 5459 5667 5672 6257 10069 835
290 159 1409 51 99 905 1795 2936 5254 5255 1850 3768 5260 1015
351 1034 300 2981 12993 1609 1458 325
378 157 285 1825 155 601 951 966 1249 1691 1892 2346 2558 295 614 706 982 1556 1042
470 55 67 89 288 289 292 295 300 306 325 333 344 461 525 526 544 686 704 889 903 908 1459 1580 97 157 180 227 253 257 290 291 293 298 302 310 318 320 329 342 349 352 360 378 458 466 523 528 546 599 646 701 733 790 797 802 913 959 985 1034 1079 1249 1450 1451 1464 2020 2031 2346 2523 3302 3397 4562 4915 301 313
582 768 779 805 806 813 815 816 823 826 831 839 842 845 1192 1216 1541 1547 1551 1557 1563 1568 2172 2210 2574 2576 2617 2971 3028 3548 4003 4935 5067 5101 6012 8277 8298 13847 1222 2185 2186 2586 3997 3999 4002 4004 4021 190 964 1550 3027 3029 3032 3043 4211 4497 8930 8945 9963 2200 17953 2143
943 621 726 763 4262 220 229 630 1090 1109 1400 1512 2525 2845 3398 289 533 2346 11253 13406 15975 223 2738 3732 6728 238 527 4316 5547 8068 163 1652 2405 9825
1070 229 1400 2130 3771 3333 2080
1174 1808 712 843 1803 2785 4807 5157 7117 8386 9523
1185 67 1609 362 1098 3121 389 7660 9766 14768 64 81 423 895 1382 2544 3057 3491 3686 58 697 980 1833 1934 2521 3502 12994 154 298 3201 12993 55 288 690 2137 7781 173 65 199 90 1971
1408 157 172 187 316 514 572 785 815 826 846 923 959 961 962 1812 1873 2143 2209 2440 2744 2906 2963 3081 3110 3129 3460 3466 3549 3717 3719 4031 4495 4605 5100 5108 6133 6454 6493 6619 7286 8372 9467 10041 10129 11517 12357 12780 13156 15038 794 2449 3602 4060 4747 155 486 1923 2471 3367 4575 5238 5325 6150 7695 10069 592 1847 3987 7057
1616 257 292 972 55 67 265 287 288 302 389 466 1464 65 69 190 316 2067 7290 967 4705 4883 14516 289
1656 182 203 227 533 703
1710 7 420 744 1099 1112 1123 1130 1156 1491 1700 5982 11625 16595 64 88 173 757 758 863 1124 1851 2059 3019 3795 4382 18229 206 407 986 1062 1833 2154 3886 4163 9369 233 868 9783 17189 746 1204 1229 1533 1705 3531 11352 12976 3541 1943
1718 3889 442 618 1934 2638 3313 4616 6047 1249 1833 575 3171 1556 8184 97
1726 331 468 1452 289 288
1757 55 65 67 80 88 89 161 182 184 257 288 289 291 292 295 296 300 302 306 312 314 317 318 328 329 331 333 349 350 352 374 377 378 386 405 430 464 474 475 486 498 523 525 529 531 532 533 546 644 704 890 907 1026 1179 1377 1580 1585 1874 2226 2526 2614 4024 4561 4566 5149 6633 7650 10604 12477
1835 72 75 90 99 172 450 868 880 1061 1067 1075 1104 1379 1700 1713 1739 1786 1787 1897 2071 4316 3191 187 3057 3739
1856 67 157 289 295 455 523 903 906 2021 2022 2094 2523
35 1123 1954 2273 4285 162 407 610 613 625 1835 2292 7123 7352 8837 10891 11477 12113 212 689 2971 4356
75 89 230 377 498 679 687 701 67
95 289 329 542 686 797
192 2586 3997 4002 3999 162 4003 9666 2579 3727 2971
214 67 89 157 2788 704 1775 1807 2179 2522
302 955 4137 5459 89 1114 2787 4814 292
516 1244 172 481 497 816 1673 72 230 536 1044 1672 487 5079
625 430 1954 1964 4384 6217 65 632 748 1164 1239 2538 3411 4118 4704 154 757 898 1384 1390 1485 2535 2542 2582 3700 8674 8676 10613 84 89 229 416 418 1376 1394 1418 1947 1958 3691 3767 3884 4387 7074 8672 8678 10887 88 225 300 425 689 703 1106 1155 2139 2521 2610 3279 4074 5048 8680 203 440 603 863 1163 1732 2137 2416 2602 3738 4444 8705 10720 10961 14666 59 441 2083 1062 8871 8141 58 5547 9766 8832 5414 6222 222 298 526
931 81 154 163 212 234 238 441 706 707 709 769 841 843 846 917 918 923 947 954 969 1191 1204 1216 1249 1276 1344 1358 1360 1364 1369 1372 1411 1412 1527 1533 1555 1672 1737 1976 2143 2343 2350 2360 2624 2744 2789 2817 2859 2901 4171 4251 4273 4497 6493 7079 13846 28 842 1257 1261 1522 2381 2823 4805 732 779 809 815 825 826 839 845 1221 1550 1551 1557 1563 1861 2185 2200 2379 2387 2586 2828 3028 3721 3817 4265 4940 4944 6830 9260 10309 162 755 1423 1526 1946 2778 4271 6014 6045 6048 8705 16595 418 1337 1528 1531 3780 4277 7047 8251
960 249 331 56 72 475 2923 377
1196 198 234 453 705 854 856 982 3946
1441 227 424 425 689 12787
1539 499 704 709 1240 475 959 2899 56 403
1578 288 294 300 331 461 8605 915
1584 45 88 159 190 191 209 228 229 230 234 298 302 316 324 333 371 377 378 403 405 412 430 464 481 486 498 499 500 526 530 533 536 537 538 540 546 680 687 689 690 691 693 704 716 735 808 815 830 896 966 969 972 1038 1043 1106 1181 1182 1183 1184 1186 1189 1190 1194 1197 1200 1201 1239 1246 1375 1377 1390 1406 1511 1650 1689 1866 1974 2083 2580 2607 2632 2653 2723 2828 2829 3373 3427 3737 3946 4250 4255 4262 4382 4833 5216 5233 5310 5429 6223 6298 6453 6558 6594 6770 7406 7743 7776 8873 8884 9976 9977 12357 12482 14318 14359 16055 300 1180 2940 3333 10784 512 154 605 466 1378 2137 2544 8674 1192 1046
144 157 295 89 329 1037 285 289
184 454 1109 1844 1983 1990 3663 70 204 418 444 506 961 1167 3280 3901 3902 81 378 518 522 955 1098 1781 2469 3201 3425
240 253 333 1379 2498 89 190 288 306 466 486 498 686 687 199 300 302 371 461 1464 5000 1042
499 7 72 157 903 1034 1104 1358 1703 1713 1817 3110 1114
706 1179 6 7 15 198 234 504 707 813 841 843 846 1143 2370 2970 3405 3445
798 503 820 821 837 846 2211 2654 458 2964
801 192 288 295 300 5746
964 190 207 209 227 230 298 412 464 470 475 533 537 1047 1048 1246 1249 1470 2653 3373 4468
1081 190 228 234 1515 225 227 2137
1492 65 89 190 466 486 498 697 1379 1609 2521 5475 7660 292 362 378 4565 306
1501 2429 3999 8277 13431 845 2579
1624 205 16053 1747 6217 7456 1777 6296 12993 14184 1609 2137
2048 511 4620 9699 5787 9271 12351 18692 304 10969 11480
2054 686 289 292 344 528
2087 288 292 295 344 486 543 701
101 209 226 412 707 1041 1047 1180 1672 1853 1910 8 376 390 396 397 754 857 982 1670 1814 1857 1872 1919 1929 5076 5082 10583 16164 227 233 234 377 470 492 493 498 500 537 540 768 779 816 830 1122 1145 1185 1188 1541 1868 2192 2210 2214 2430 2574 2617 2618 2621 2850 2959 4168 5969
208 28 841 1254 1260 1281 1358 1360 1521 1522 4265 4268 4270 4271 1276 2746
403 89 288 289 300 344 386 458 461 466 524 1066 1091 2094 3558 5079 6542 6543 6544 67 328 547 599 3397 4814 5670 8555 1035 1376 3556 7276 4575
417 89 157 171 206 257 288 292 294 295 299 300 301 352 475 701 992 1037 1248 1383 1405 1589 2392 2544 3057 3259 3354 3468 3713 5534 5746 6374 8807 8993 9689 342 461 599 4562 95 481 1479 3373 2546
511 65 154 163 190 199 226 227 228 234 424 436 441 511 612 614 856 964 1131 1504 1976 4079 229 440 533 562 808 857 859 863 864 881 1412 1633 1974 2542 2821
671 290 327 475 544 679 1470 1825 2548 3576 300 333 458 2025 15457 1244
689 67 89 288 289 292 295 325 340 466 701 2548
757 89 157 291 292 300 302 458 461 466 475 701 1042 1452 1453
920 726 816 823 1035 1100 1180 1181 1185 1192 1193 2210 2665 383 2143 2429 2643 5636 1246
993 751 769 3805 11625 1134 3382 5925
1052 7324 7650 228 441 1151 1376 3767 4384 7 207 424 1804 163 199 863 1513 5423 6920 225 427 709 7642
1080 67 288 289 292 295 301 325 461 646 681 790
1189 55 67 89 289 340 461 544 686 485 5150
1248 97 251 257 292 2988 13446 1934 5789 301 3110
1354 445 733 2134 2610 2614 4118
1552 161 288 289 291 300 455 468 484 538 646 1042 2176 3576 469 544 479 462
1607 797 523 326 498 531 2521
1800 486 599 1073 1713 4025 5149 72 1401 15564 1394 1827
1851 289 300 318 344 461 679 686 908 1458 291 325 333 681 802
171 65 69 84 88 154 170 190 198 207 220 228 229 237 250 288 295 331 377 412 419 429 440 445 498 526 538 547 617 703 735 757 768 779 816 868 913 1037 1090 1106 1122 1155 1179 1195 1239 1246 1390 1400 1412 1427 1504 1512 1518 1609 1632 1639 1934 1986 2137 2226 2271 2521 2533 2582 2587 2602 2608 3030 3411 3475 3707 3730 3732 3767 4074 4118 4566 5547 6303 6389 8701 15171 15564 14666 8678
676 710 917 1281 1358 1527 2172 2970 6808
707 717 3230 4618 378 680 3763 990 1415 1459 4773 5035 5978 6454 7288 535
797 344 89 470 333 679 4575
869 503 917 918 923 949
890 959 1249 1412 2624 5780 176
1064 163 192 378 489 707 724 730 735 917 930 945 956 1110 1131 1358 1369 1372 1412 1425 1468 1703 1883 2013 2343 2346 2352 2463 2569 2780 2856 2861 2936 3470 3481 3888 4130 4361
1428 207 234 316 333 383 562 714 841 1360 1406 4156 932
1568 230 704 306 333 1032 1672
1999 72 487 534 757 1106 1781 3236 3767
63 51 77 85 98 99 154 159 163 166 172 173 176 187 190 193 198 203 206 212 220 227 230 234 245 253 278 377 403 424 441 470 475 486 489 490 497 511 554 562 565 572 580 599 601 614 630 704 706 707 709 712 713 716 724 730 732 733 735 830 841 843 846 854 856 857 860 868 877 881 917 918 920 923 928 937 945 947 951 952 956 957 959 962 989 990 1076 1079 1090 1097 1103 1106 1110 1119 1121 1122 1130 1202 1206 1248 1249 1254 1261 1264 1274 1342 1343 1344 1347 1351 1358 1360 1366 1369 1372 1375 1412 1415 1426 1468 1469 1513 1527 1648 1660 1672 1703 1778 1803 1804 1806 1807 1808 1809 1810 1811 1812 1813 1814 1817 1873 1925 1974 2013 2027 2029 2033 2137 2183 2341 2342 2343 2346 2347 2351 2360 2361 2463 2473 2491 2493 2552 2565 2742 2780 2782 2783 2784 2787 2788 2789 2790 2792 2796 2797 2834 2838 2853 2855 2859 2864 2894 2899 2901 2973 3011 3264 3299 3354 3444 3456 3458 3470 3471 3473 3476 3477 3480 3481 3739 3744 3763 3774 3921 4092 4115 4124 4125 4130 4165 4180 4251 4271 4272 4278 4286 4359 4460 4559 4807 5010 5157 5165 5306 5365 5660 5841 5844 6064 6541 6959 7081 7157 7239 7880 7938 8111 8126 8340 9334 9344 9346 9347 9468 9699 9818 9822 9919 10672 12710 15481 17166 17211 7 9 88 91 100 157 188 204 215 226 432 500 534 592 852 910 949 969 993 997 998 1013 1019 1061 1073 1098 1109 1132 1379 1400 1609 1705 1878 1883 1885 1886 1891 1895 2083 2121 2446 2490 2559 2609 2902 2936 3469 4129 4493 4541 4975 5260 5754 6065 6070 6140 6732 6883 7054 7117 7156 7342 7927 9296 11736 11933 15584 17008 72 546 862 820 7116 4971 503 812 6257 605 9926
84 7 25 163 176 198 220 517 570 614 706 707 716 724 732 735 841 843 857 917 918 923 952 959 966 989 1044 1104 1244 1248 1249 1274 1338 1351 1358 1360 1369 1412 1513 1672 1803 1814 2341 2342 2343 2344 2346 2347 2351 2352 2786 2789
252 300 323 344 346 2546 55 298 333 386 1032 4575 4814 1505 980
472 157 288 543 1672 7268 1379
601 71 81 266 737 986 1705 1743 1833 1974 2040 2288 2316 3003 3019 5447 7119 8133 8445 13910 16333 18692 64 66 70 80 610 1098 1130 1491 2638 3875 5151 7352
654 65 186 188 190 230 497 506 511 518 707 726 910 959 969 978 1044 1109 1143 1491 1700 1705 2446 3084 3405 4917 10973 846 868 1412 5151 437 1781 1767
720 163 188 227 316 706 707 2838 3471 3482 3966 4125 8794 1122 1134 2013 5157 1360 1527 1257 2370 949 1214 735 734 212 733 718 1416 630 1468 607 3458 2265 4620 562 554 3308 987
1351 157 190 470 1680 2988 4575
1451 306 344 1680 1934 3373 1037
1765 56 166 199 300 311 691 703 1037 857 906
29 333 466 679 687 704 55
186 333 378 518 1186 1672 704
864 65 227 302 690 790 1079 2031
870 412 724 1122 1249 10715
1279 154 190 227 418 444 689 697 704 755 763 1090 1418 1735 1736 1747 207
1636 3468 3400 1659 58 5544 437 3057 1239 546 81 2582
1677 295 547 605 1456 1613 2923 3043 3318 9963
814 1375 1239 641 1246 540 424 182 1048 229 3171 321 4814 288 300 333 461 681 209 412 230 377 951 704 1047
